RNUM,MEDIATITLE,PLACENAME,ADDRESS
23,(아는 건 별로 없지만) 가족입니다,고흥우주발사전망대,전라남도 고흥군 영남면 해맞이로 840
24,(아는 건 별로 없지만) 가족입니다,파도리해수욕장,충청남도 태안군 소원면 파도길 63-12
30,1%의 어떤것,사천진해수욕장,강원도 강릉시 사천면 사천진리 266-2
31,1%의 어떤것,보헤미안박이추커피,강원도 강릉시 사천면 해안로 1107
32,1%의 어떤것,인터컨티넨탈 알펜시아 평창 리조트,강원도 평창군 대관령면 솔봉로 325
35,18 어게인,소토보체,강원도 홍천군 화촌면 군업안말길 153-15
447,365: 운명을 거스르는 1년,모나무르 복합문화공간 아산,충청남도 아산시 순천향로 624
738,가면,담양 관방제림,전라남도 담양군 담양읍 객사7길 37
739,가면,죽녹원,전라남도 담양군 담양읍 죽녹원로 119
740,가면,메타세쿼이아 가로수길,전라남도 담양군 담양읍 학동리 633
741,가면,제이딘주얼리,전라북도 전주시 완산구 전라감영4길 19
811,간택 - 여인들의 전쟁,광한루원,전라북도 남원시 요천로 1447
851,개와 늑대의 시간,스플라스 리솜,충청남도 예산군 덕산면 온천단지3로 45-7
866,갯마을 차차차,석병1리방파제,경상북도 포항시 남구 구룡포읍 석병리 745-2
867,갯마을 차차차,청하5일장,경상북도 포항시 북구 청하면 청하로200번길 6
868,갯마을 차차차,사방기념공원,경상북도 포항시 북구 흥해읍 해안로 1801
874,거침없이 하이킥,해비치호텔앤드리조트,제주특별자치도 서귀포시 표선면 민속해안로 537
925,검법남녀 2,가톨릭관동대학교,강원도 강릉시 범일로579번길 24
931,검법남녀 2,부용대,경상북도 안동시 풍천면 광덕솔밭길 72
1008,겨울연가,추암해수욕장,강원도 동해시 촛대바위길 2
1009,겨울연가,춘천 기와집골 마을,강원도 춘천시 기와집길31번길 2
1010,겨울연가,남이섬,강원도 춘천시 남산면 남이섬길 1
1011,겨울연가,외도 보타니아,경상남도 거제시 일운면 외도길 17
1024,경우의 수,헌화로드라이브코스,강원도 강릉시 강동면 심곡리 헌화로
1070,경우의 수,달책빵,제주특별자치도 제주시 구좌읍 대수길 10-12
1071,경우의 수,임진고택,제주특별자치도 제주시 구좌읍 상도로 16-13
1072,경우의 수,소심한책방,제주특별자치도 제주시 구좌읍 종달동길 29-6
1073,경우의 수,용눈이오름,제주특별자치도 제주시 구좌읍 종달리 산 38
1074,경우의 수,술의 식물원,제주특별자치도 제주시 구좌읍 중산간동로 2253
1075,경우의 수,책방소리소문,제주특별자치도 제주시 한경면 저지동길 8-31
1076,경우의 수,서쪽가게,제주특별자치도 제주시 한림읍 한림로 372-7
1085,경찰수업,블루부코,대전광역시 동구 동광장로 16
1089,경찰수업,한국기술교육대학교 제1캠퍼스,충청남도 천안시 동남구 병천면 충절로 1600
1093,계룡선녀전,밀양역,경상남도 밀양시 중앙로 62
1094,계룡선녀전,함양 함화루,경상남도 함양군 함양읍 운림리
1095,계룡선녀전,문경새재촬영장 (오픈세트장),경상북도 문경시 문경읍 새재로 1037
1096,계룡선녀전,부석사,경상북도 영주시 부석면 부석사로 345
1109,계룡선녀전,목포역,전라남도 목포시 영산로 98
1110,계룡선녀전,합동직업소개소,전라남도 목포시 해안로249번길 3
1111,계룡선녀전,신원사,충청남도 공주시 계룡면 신원사동길 1
1112,계룡선녀전,부소산성,충청남도 부여군 부여읍 부소로 15
1114,고교처세왕,남이섬,강원도 춘천시 남산면 남이섬길 1
1184,공작도시,뮤지엄 산,강원도 원주시 지정면 오크밸리2길 260
1204,공항 가는 길,최수아의 집,제주특별자치도 제주시 구좌읍 종달로7길 5
1205,공항 가는 길,한울랜드,제주특별자치도 제주시 서해안로 671
1206,공항 가는 길,신창풍차해안 등대,제주특별자치도 제주시 한경면 신창리 1481-14
1236,구경이,소금산 출렁다리,강원도 원주시 지정면 소금산길 12
1240,구경이,동피랑 벽화마을,경상남도 통영시 동피랑1길 6-18
1241,구경이,엑스코(EXCO),대구광역시 북구 엑스코로 10
1242,구경이,대전대학교,대전광역시 동구 대학로 62
1301,구미호뎐,"해금강마을, 거제도",경상남도 거제시 남부면 갈곶리 해금강마을
1302,구미호뎐,상족암군립공원,경상남도 고성군 하이면 덕명리 50-1
1355,군검사 도베르만,헌화로드라이브코스,강원도 강릉시 강동면 심곡리 헌화로
1369,군검사 도베르만,익산 교도소 세트장,전라북도 익산시 성당면 함낭로 207
1394,굿캐스팅,이월드,대구광역시 달서구 두류공원로 200
1410,궁,동궁과 월지,경상북도 경주시 원화로 102
1423,궁,경기전,전라북도 전주시 완산구 태조로 44
1424,궁,씨에스호텔앤리조트,제주특별자치도 서귀포시 중문관광로 196
1425,궁,중문관광단지,제주특별자치도 서귀포시 중문동 중문관광단지
1477,그 해 우리는,주천강 섶다리,강원도 영월군 주천면 판운리 479
1515,그 해 우리는,매당,전라북도 전주시 완산구 은행로 20-4
1516,그 해 우리는,은행로,전라북도 전주시 완산구 은행로 75-2
1517,그 해 우리는,전주대학교,전라북도 전주시 완산구 천잠로 303
1518,그 해 우리는,온빛자연휴양림,충청남도 논산시 벌곡면 황룡재로 480-113
1519,그 해 우리는,보령 청보리밭,충청남도 보령시 천북면 하만리 176-6
1520,그 해 우리는,천북 보리밭,충청남도 보령시 천북면 하만리 176-6
1521,그 해 우리는,보령 청라 은행마을,충청남도 보령시 청라면 장밭길 62
1525,그냥 사랑하는 사이,임권택영화박물관,부산광역시 해운대구 우동 센텀중앙로 55
1631,그래서 나는 안티팬과 결혼했다,백도해변,강원도 고성군 죽왕면 문암진리 19-22
1702,기름진 멜로,화인빌딩,충청북도 청주시 청원구 충청대로 113
1703,기름진 멜로,그랜드플라자 청주호텔,충청북도 청주시 청원구 충청대로 114
1816,김비서가 왜 그럴까,앞산공원 전망대,대구광역시 남구 대명동 산227-4
1817,김비서가 왜 그럴까,3.1운동계단,대구광역시 중구 동산동 881-3
1818,김비서가 왜 그럴까,서문시장,대구광역시 중구 큰장로26길 45 서문시장
1846,김비서가 왜 그럴까,정다운연탄구이,충청남도 아산시 도고면 기곡로84번길 26-8
1847,김비서가 왜 그럴까,해송과바다,충청남도 태안군 소원면 송의로 827
1868,꽃보다 남자,설악해변,강원도 양양군 강현면 뒷나루2길 5-8
1878,꽃보다 남자,아난티 남해,경상남도 남해군 남면 남서대로1179번길 40-109
1879,꽃보다 남자,그랜드머큐어앰배서더 창원,경상남도 창원시 성산구 원이대로 332
1880,꽃보다 남자,계명대학교 대명캠퍼스,대구광역시 남구 명덕로 104
1893,꽃보다 남자,담양레이나CC,전라남도 담양군 담양읍 깊은실길 169
1894,꽃보다 남자,휘닉스제주 섭지코지,제주특별자치도 서귀포시 성산읍 섭지코지로 107
1895,꽃보다 남자,씨에스호텔앤리조트,제주특별자치도 서귀포시 중문관광로 196
1896,꽃보다 남자,독립기념관,충청남도 천안시 동남구 목천읍 삼방로 95
1899,나 홀로 그대,알로하서프,강원도 강릉시 옥계면 헌화로 221-4
1926,나를 사랑한 스파이,천주교 양남 성당,경상북도 경주시 양남면 양남항구길 103-4
1932,나를 사랑한 스파이,담양레이나CC,전라남도 담양군 담양읍 깊은실길 169
1933,나를 사랑한 스파이,제주국제공항,제주특별자치도 제주시 공항로 2
1939,나빌레라,합천 영상 테마파크,경상남도 합천군 용주면 합천호수로 757
1954,나빌레라,당진문예의전당,충청남도 당진시 무수동2길 25-21
1955,나의 나라,반곡지,경상북도 경산시 남산면 반곡리 246
1956,나의 나라,오봉산 마당바위,경상북도 경주시 서면 천촌리
1957,나의 나라,영주 무섬마을,경상북도 영주시 문수면 무섬로 238-2
1958,나의 나라,나주영상테마파크,전라남도 나주시 공산면 덕음로 450
1959,나의 나라,궁남지,충청남도 부여군 부여읍 궁남로 52
1960,나의 나라,성흥산 사랑나무,충청남도 부여군 임천면 성흥로97번길 167
1961,나의 아저씨,회동 솔향 캠핑장,강원도 정선군 정선읍 기리왕산로 570-5
2009,나의 해방일지,와이블랙 성환점,충청남도 천안시 서북구 성환읍 성환1로 237-1
2010,나의 해방일지,성환역,충청남도 천안시 서북구 성환읍 성환1로 237-5
2038,날 녹여주오,계명대학교 대명캠퍼스,대구광역시 남구 명덕로 104
2039,날 녹여주오,계명대학교 성서캠퍼스,대구광역시 달서구 달구벌대로 1095
2051,날씨가 좋으면 찾아가겠어요,도원경로당,강원도 영월군 무릉도원면 도원안길 19-1
2052,날씨가 좋으면 찾아가겠어요,도원운학로,강원도 영월군 무릉도원면 도원운학로 255-9
2053,날씨가 좋으면 찾아가겠어요,영월군청,강원도 영월군 영월읍 하송로 64
2054,날씨가 좋으면 찾아가겠어요,중앙서점,강원도 영월군 영월읍 하송안길 112
2055,날씨가 좋으면 찾아가겠어요,도천마을,강원도 영월군 주천면 도천리 625
2056,날씨가 좋으면 찾아가겠어요,주천강 섶다리,강원도 영월군 주천면 판운리 479
2057,날씨가 좋으면 찾아가겠어요,제장마을,강원도 정선군 신동읍 제장길 1-38
2058,날씨가 좋으면 찾아가겠어요,예미역,강원도 정선군 신동읍 함백로 55
2065,날씨가 좋으면 찾아가겠어요,환벽정,충청북도 괴산군 칠성면 사은리
2066,남자친구,심곡항,강원도 강릉시 강동면 심곡리 157-1
2067,남자친구,헌화로드라이브코스,강원도 강릉시 강동면 심곡리 헌화로
2068,남자친구,사천진해수욕장,강원도 강릉시 사천면 사천진리 266-2
2069,남자친구,라라무리,강원도 강릉시 연곡면 진고개로 2551-18
2070,남자친구,외옹치 바다향기로,강원도 속초시 대포동 712
2071,남자친구,롯데리조트 속초,강원도 속초시 대포항길 186
2148,낭만닥터 김사부 2,계명대학교 성서캠퍼스,대구광역시 달서구 달구벌대로 1095
2153,내 뒤에 테리우스,어쩌다어달,강원도 동해시 일출로 309
2154,내 뒤에 테리우스,춘천대교,강원도 춘천시 근화동 609
2182,내 아이디는 강남미인,용평리조트,강원도 평창군 대관령면 올림픽로 715
2235,내게 거짓말을 해봐,베어트리파크,세종특별자치시 전동면 신송로 217
2272,내일,음성천,충청북도 음성군 음성읍 석인리
2273,내일 그대와,뮤지엄 산,강원도 원주시 지정면 오크밸리2길 260
2293,너는 나의 봄,김천 한국보건대 (폐교),경상북도 김천시 어모면 옥율1길 94
2301,너도 인간이니,창원경상대학교병원,경상남도 창원시 성산구 삼정자로 11 창원경상대학교병원
2302,너도 인간이니,조이스커피숍,경상북도 경주시 안강읍 안현로 1536
2340,너를 닮은 사람,도담동 길마당,세종특별자치시 도담동 686-1
2343,너를 닮은 사람,경덕중학교,충청북도 청주시 흥덕구 풍년로79번길 7-2
2373,너와 나의 경찰수업,헌화로드라이브코스,강원도 강릉시 강동면 심곡리 헌화로
2374,너와 나의 경찰수업,오죽헌 경내,강원도 강릉시 율곡로3139번길 24
2414,너의 밤이 되어줄게,KT&G 상상마당 춘천 아트센터,강원도 춘천시 스포츠타운길399번길 25
2807,"단, 하나의 사랑",제이드가든,강원도 춘천시 남산면 햇골길 80
2808,"단, 하나의 사랑",KT&G 상상마당 춘천 아트센터,강원도 춘천시 스포츠타운길399번길 25
2811,"단, 하나의 사랑",엑스포다리,대전광역시 유성구 도룡동
2816,"단, 하나의 사랑",합덕성당,충청남도 당진시 합덕읍 합덕성당2길 22
2817,달리와 감자탕,오크밸리 리조트,강원도 원주시 지정면 오크밸리1길 66
2843,달리와 감자탕,스위스마을 컬러스테이,제주특별자치도 제주시 조천읍 함와로 566-27
2844,달리와 감자탕,합덕성당,충청남도 당진시 합덕읍 합덕성당2길 22
2845,달리와 감자탕,모나무르 복합문화공간 아산,충청남도 아산시 순천향로 624
2846,달의 연인 - 보보경심 려,선교장,강원도 강릉시 운정길 63 선교장
2847,달의 연인 - 보보경심 려,요선암,강원도 영월군 무릉도원면 무릉리
2852,달의 연인 - 보보경심 려,위양못 이팝나무,경상남도 밀양시 부북면 위양리 297
2853,달의 연인 - 보보경심 려,반곡지,경상북도 경산시 남산면 반곡리 246
2854,달의 연인 - 보보경심 려,부용대,경상북도 안동시 풍천면 광덕솔밭길 72
2855,달의 연인 - 보보경심 려,아홉산숲,부산광역시 기장군 철마면 웅천리 520-10
2856,달의 연인 - 보보경심 려,사성암,전라남도 구례군 문척면 사성암길 303
2857,달의 연인 - 보보경심 려,나주영상테마파크,전라남도 나주시 공산면 덕음로 450
2858,달의 연인 - 보보경심 려,세연정,전라남도 완도군 보길면 부황길 57
2859,달의 연인 - 보보경심 려,광한루원,전라북도 남원시 요천로 1447
2860,달의 연인 - 보보경심 려,내소사,전라북도 부안군 진서면 내소사로 243
2861,달의 연인 - 보보경심 려,백제문화단지,충청남도 부여군 규암면 백제문로 455
2862,달의 연인 - 보보경심 려,온달관광지,충청북도 단양군 영춘면 온달로 23
2908,당신이 잠든 사이에,삼척해수욕장,강원도 삼척시 교동
2909,당신이 잠든 사이에,약사리문화마을,강원도 춘천시 중앙로67번길 56
2943,대박,오봉산 마당바위,경상북도 경주시 서면 천촌리
2996,더 케이투,익산 교도소 세트장,전라북도 익산시 성당면 함낭로 207
2997,더 케이투,기지포해수욕장,충청남도 태안군 안면읍 해안관광로 745-19
3062,더킹 투하츠,계명대학교 대명캠퍼스,대구광역시 남구 명덕로 104
3065,더킹 투하츠,담양레이나CC,전라남도 담양군 담양읍 깊은실길 169
3066,더킹 투하츠,익산 교도소 세트장,전라북도 익산시 성당면 함낭로 207
3131,도도솔솔라라솔,합천 영상 테마파크,경상남도 합천군 용주면 합천호수로 757
3152,도도솔솔라라솔,목포삼학초등학교,전라남도 목포시 남해로39번길 8
3153,도도솔솔라라솔,청춘게스트하우스,전라남도 목포시 달성길 39
3154,도도솔솔라라솔,서산동 시화골목길,전라남도 목포시 보리마당로 14
3155,도도솔솔라라솔,유달산,전라남도 목포시 죽교동 산 27-1
3159,도시남녀의 사랑법,이이남스튜디오,광주광역시 남구 제중로47번길 10
3185,독고 리와인드,강촌레일파크,강원도 춘천시 남산면 서백길 57
3188,돈꽃,을숙도,부산광역시 사하구 하단동 1207
3268,동이,청량사,경상북도 봉화군 명호면 청량산길 199-152
3304,드라마의 제왕,헌화로드라이브코스,강원도 강릉시 강동면 심곡리 헌화로
3306,드림,죽성드림세트장,부산광역시 기장군 기장읍 죽성리 134-7
3322,따뜻한 말 한마디,장사도 해상공원 까멜리아,경상남도 통영시 한산면 장사도길 55
3336,땐뽀걸즈,고현버스터미널,경상남도 거제시 고현천로 10
3337,땐뽀걸즈,바람의언덕,경상남도 거제시 남부면 갈곶리 산 14-47 도장포마을
3338,땐뽀걸즈,카페위드,부산광역시 남구 용소로19번길 15
3339,땐뽀걸즈,광안리해수욕장,부산광역시 수영구 광안해변로 219
3343,또! 오해영,낙산 해수욕장,강원도 양양군 강현면 해맞이길 59
3363,또! 오해영,신성리 갈대밭,충청남도 서천군 한산면 신성리 125-1
3380,라디오 로맨스,궁남지,충청남도 부여군 부여읍 궁남로 52
3397,라이브,중앙 경찰학교,충청북도 충주시 수안보면 수회리로 138
3415,라이프 온 마스,양산종합운동장,경상남도 양산시 양산대로 849
3416,라이프 온 마스,대전 근현대사 전시관,대전광역시 중구 중앙로 101
3417,라이프 온 마스,아홉산숲,부산광역시 기장군 철마면 웅천리 520-10
3418,라이프 온 마스,감천문화마을,부산광역시 사하구 감내2로 203
3419,라이프 온 마스,낙동강 하구 을숙도,부산광역시 사하구 낙동남로 1240
3420,라이프 온 마스,양다방,부산광역시 영도구 대평로 49
3421,라이프 온 마스,국립해양박물관,부산광역시 영도구 해양로301번길 45
3422,라이프 온 마스,덕하역 구역사,울산광역시 울주군 청량읍 덕하로 269-5
3423,라켓소년단,사천중학교,강원도 강릉시 사천면 석교골말길 8
3424,라켓소년단,주문진방파제,강원도 강릉시 주문진읍 교항리 81-68
3425,라켓소년단,돔베이커리,강원도 강릉시 하평길 50
3428,란제리 소녀시대,합천 영상 테마파크,경상남도 합천군 용주면 합천호수로 757
3525,런온,동해 논골담길,강원도 동해시 논골1길 2
3526,런온,동해망상해변한옥촌,강원도 동해시 동해대로 6370
3537,런온,구룡포공원계단,경상북도 포항시 남구 구룡포읍 구룡포길 145
3538,런온,이가리 닻전망대,경상북도 포항시 북구 청하면 이가리 산 67-3
3557,런온,원광대학교,전라북도 익산시 익산대로 460
3558,런온,전주영화의거리,전라북도 전주시 완산구 고사동 전주객사4길
3559,런온,진수곱창,전라북도 전주시 완산구 전주객사1길 88
3560,런온,조이앤시네마 전주,전라북도 전주시 완산구 전주객사3길 74-25
3561,런온,성산보말죽칼국수 성산점,제주특별자치도 서귀포시 성산읍 해맞이해안로 2725
3562,런온,해비치호텔앤드리조트,제주특별자치도 서귀포시 표선면 민속해안로 537
3563,런온,제주국제공항,제주특별자치도 제주시 공항로 2
3564,런온,세명대학교,충청북도 제천시 신월동 세명로 65
3599,레버리지:사기조작단,대명비발디파크,강원도 홍천군 서면 한치골길 262
3619,레버리지:사기조작단,제주신화월드,제주특별자치도 서귀포시 안덕면 신화역사로304번길 38
3645,로망스,여좌천,경상남도 창원시 진해구 여좌동 217
3674,로맨스는 별책부록,낙산 해수욕장,강원도 양양군 강현면 해맞이길 59
3717,로봇이 아니야,여차몽돌해수욕장,경상남도 거제시 남부면 여차길 22
3718,로봇이 아니야,수산자연산횟집,경상남도 거제시 동부면 거제대로 1080-12
3719,로봇이 아니야,거제수협구조라공판장,경상남도 거제시 일운면 구조라로 59
3733,로봇이 아니야,성흥산 사랑나무,충청남도 부여군 임천면 성흥로97번길 167
3740,루갈,김천 한국보건대 (폐교),경상북도 김천시 어모면 옥율1길 94
3793,마녀식당으로 오세요,시크릿블루베이커리카페,강원도 고성군 토성면 아야진북길 31-6
3891,마우스,장흥교도소 세트장,전라남도 장흥군 장흥읍 원도리 191
3895,마이 걸,롯데호텔 제주,제주특별자치도 서귀포시 중문관광로72번길 35
3898,마이 네임,파도리해수욕장,충청남도 태안군 소원면 파도길 63-12
3901,마이 시크릿 호텔,포레스트 리솜,충청북도 제천시 백운면 금봉로 365
3913,마이 프린세스,베어트리파크,세종특별자치시 전동면 신송로 217
3915,마인,세이지우드 홍천,강원도 홍천군 두촌면 광석로 898-160
3940,마인,백석대학교,충청남도 천안시 동남구 백석대학로 1-11
4469,맨도롱 또똣,제주국제공항,제주특별자치도 제주시 공항로 2
4470,맨도롱 또똣,봄날,제주특별자치도 제주시 애월읍 애월로1길 25
4471,맨도롱 또똣,신창풍차해안 등대,제주특별자치도 제주시 한경면 신창리 1481-14
4476,맨투맨,사우스케이프오너스클럽,경상남도 남해군 창선면 흥선로 1545
4481,맨홀-이상한 나라의 필,등명해변,강원도 강릉시 강동면 정동진리 440-7
4506,멈추고 싶은 순간: 어바웃 타임,원주세브란스기독병원,강원도 원주시 일산로 20
4517,멜랑꼴리아,휘게비엔씨,강원도 강릉시 주문진읍 신리천로 318-24
4518,멜랑꼴리아,주문초등학교 삼덕분교장,강원도 강릉시 주문진읍 신리천로 410-8
4519,멜랑꼴리아,오크밸리 리조트,강원도 원주시 지정면 오크밸리1길 66
4528,멜랑꼴리아,대전대학교,대전광역시 동구 대학로 62
4529,멜랑꼴리아,국립중앙과학관,대전광역시 유성구 대덕대로 481
4560,멜랑꼴리아,휘닉스제주 섭지코지,제주특별자치도 서귀포시 성산읍 섭지코지로 107
4561,멜랑꼴리아,제주국제공항,제주특별자치도 제주시 공항로 2
4562,멜랑꼴리아,아르떼뮤지엄 제주,제주특별자치도 제주시 애월읍 어림비로 478
4563,멜랑꼴리아,호서대학교 아산캠퍼스,충청남도 아산시 배방읍 호서로79번길 20
4564,멜랑꼴리아,교원연수원 도고,충청남도 아산시 선장면 신성길 27-6
4865,모단걸,합천 영상 테마파크,경상남도 합천군 용주면 합천호수로 757
4868,모래시계,계명대학교 대명캠퍼스,대구광역시 남구 명덕로 104
4896,모범형사,문창동광천순대,대전광역시 중구 대전천서로 337
4919,몬스터,담양레이나CC,전라남도 담양군 담양읍 깊은실길 169
4928,무법 변호사,춘천대교,강원도 춘천시 근화동 609
4936,무브 투 헤븐 : 나는 유품정리사입니다,신녕역,경상북도 영천시 신녕면 장수로 1587
4974,미남이시네요,공세리성당,충청남도 아산시 인주면 공세리성당길 10
4998,미래의 선택,중문관광단지,제주특별자치도 서귀포시 중문동 중문관광단지
5028,미스터 기간제,선문대학교 아산캠퍼스,충청남도 아산시 탕정면 선문로221번길 70
5030,미스터 션샤인,황매산,경상남도 산청군 차황면 법평리 산 1
5031,미스터 션샤인,화왕산성,경상남도 창녕군 창녕읍 옥천리 산322
5032,미스터 션샤인,합천 영상 테마파크,경상남도 합천군 용주면 합천호수로 757
5033,미스터 션샤인,삼릉숲,경상북도 경주시 배동
5034,미스터 션샤인,만휴정,경상북도 안동시 길안면 묵계하리길 42
5035,미스터 션샤인,고산정,경상북도 안동시 도산면 가송길 177-42
5036,미스터 션샤인,계명대학교 대명캠퍼스,대구광역시 남구 명덕로 104
5037,미스터 션샤인,계명대학교 성서캠퍼스,대구광역시 달서구 달구벌대로 1095
5038,미스터 션샤인,계명한학촌,대구광역시 달서구 달구벌대로 1095
5039,미스터 션샤인,문화공감수정,부산광역시 동구 홍곡로 75
5041,미스터 션샤인,구서도역 영상촬영장,전라북도 남원시 사매면 서도길 32
5042,미스터 션샤인,부안영상테마파크,전라북도 부안군 반석면 격포로 309-64
5043,미스터 션샤인,션샤인랜드,충청남도 논산시 연무읍 봉황로 102
5044,미스터 션샤인,선샤인스튜디오,충청남도 논산시 연무읍 봉황로 90
5045,미스터 션샤인,운보의 집,충청북도 청주시 청원구 내수읍 형동2길 92-41
5050,미스티,장흥교도소 세트장,전라남도 장흥군 장흥읍 원도리 191
5060,미안하다 사랑한다,씨에스호텔앤리조트,제주특별자치도 서귀포시 중문관광로 196
5061,미안하다 사랑한다,신성리 갈대밭,충청남도 서천군 한산면 신성리 125-1
5112,바람의 화원,닭실마을,경상북도 봉화군 봉화읍 충재길 60
5113,바람의 화원,경기전,전라북도 전주시 완산구 태조로 44
5191,발칙하게 고고,단콩,세종특별자치시 조치원읍 섭골길 35-4 단콩
5192,발칙하게 고고,세종호수공원,세종특별자치시 호수공원길 155
5193,발칙하게 고고,녹수원글램핑,충청남도 공주시 유구읍 금계산로 919-11
5205,밥 잘 사주는 예쁜 누나,낙산 해수욕장,강원도 양양군 강현면 해맞이길 59
5206,밥 잘 사주는 예쁜 누나,속삭이는자작나무숲,강원도 인제군 인제읍 자작나무숲길 760
5235,밥 잘 사주는 예쁜 누나,협재해수욕장,제주특별자치도 제주시 한림읍 한림로 329-10
5562,백일의 낭군님,영주 무섬마을,경상북도 영주시 문수면 무섬로 238-2
5563,백일의 낭군님,아홉산숲,부산광역시 기장군 철마면 웅천리 520-10
5564,백일의 낭군님,광한루원,전라북도 남원시 요천로 1447
5565,백일의 낭군님,부안영상테마파크,전라북도 부안군 반석면 격포로 309-64
6020,별똥별,원주세브란스기독병원,강원도 원주시 일산로 20
6041,별똥별,제주국제공항,제주특별자치도 제주시 공항로 2
6042,별똥별,비밀의숲,제주특별자치도 제주시 구좌읍 송당리 2173
6055,별에서 온 그대,통도환타지아,경상남도 양산시 하북면 통도7길 68
6056,별에서 온 그대,장사도 해상공원 까멜리아,경상남도 통영시 한산면 장사도길 55
6076,병원선,대우병원,경상남도 거제시 두모길 16
6077,병원선,외도 보타니아,경상남도 거제시 일운면 외도길 17
6078,병원선,창원경상대학교병원,경상남도 창원시 성산구 삼정자로 11 창원경상대학교병원
6106,보이스2,대전 도시철도 1호선 정부청사역,대전광역시 서구 한밭대로 744
6107,보이스2,국립대전현충원,대전광역시 유성구 현충원로 251
6119,보좌관,담양레이나CC,전라남도 담양군 담양읍 깊은실길 169
6135,복수가 돌아왔다,중앙탑 사적공원,충청북도 충주시 중앙탑면 중앙탑길 112-28 일원
6207,부부의 세계,강릉역,강원도 강릉시 용지로 176
6208,부부의 세계,하조대 해수욕장,강원도 양양군 현북면 하광정리
6209,부부의 세계,대명비발디파크,강원도 홍천군 서면 한치골길 262
6230,부암동 복수자들,유리트리트,강원도 홍천군 서면 한서로 1468-55
6256,불가살,바우지움 조각미술관,강원도 고성군 토성면 원암온천3길 37
6258,불가살,한강7경(봉황경)-능암리섬,충청북도 충주시 중앙탑면 가흥리 720
6269,뷰티 인사이드,산토리니,강원도 춘천시 동면 순환대로 1154-97
6281,뷰티 인사이드,동궁과 월지,경상북도 경주시 원화로 102
6282,뷰티 인사이드,아난티 코브,부산광역시 기장군 기장읍 기장해안로 268-31
6298,뷰티 인사이드,베어트리파크,세종특별자치시 전동면 신송로 217
6519,빅마우스,예천 스타디움,경상북도 예천군 예천읍 충효로 395
6521,빅마우스,세종특별자치시청,세종특별자치시 한누리대로 2130
6522,빅마우스,순천만 국가정원,전라남도 순천시 국가정원1호길 47
6523,빅마우스,전남 장흥교도소 세트장,전라남도 장흥군 용산면 장흥대로 2667
6524,빅마우스,익산 교도소 세트장,전라북도 익산시 성당면 함낭로 207
6565,빈센조,강촌레일파크,강원도 춘천시 남산면 서백길 57
6578,빈센조,김천 한국보건대 (폐교),경상북도 김천시 어모면 옥율1길 94
6579,빈센조,대구오페라하우스,대구광역시 북구 호암로 15
6621,빈센조,선문대학교 천안캠퍼스,충청남도 천안시 동남구 천안대로 277
6622,빈센조,수주팔봉캠핑장,충청북도 충주시 대소원면 문주리 산 1-1
6624,빠담빠담…. 그와 그녀의 심장박동소리,동피랑 벽화마을,경상남도 통영시 동피랑1길 6-18
6630,사내맞선,스카이베이호텔 경포,강원도 강릉시 해안로 476
6631,사내맞선,켄싱턴호텔 설악,강원도 속초시 설악산로 998
6632,사내맞선,오크밸리 리조트,강원도 원주시 지정면 오크밸리1길 66
6646,사내맞선,대구은행 제2본점,대구광역시 북구 옥산로 111
6667,사내맞선,듀레베이커리 호암점,충청북도 충주시 중원대로 3250
6670,사랑비,제이드가든,강원도 춘천시 남산면 햇골길 80
6671,사랑비,영주 무섬마을,경상북도 영주시 문수면 무섬로 238-2
6672,사랑비,계명대학교 대명캠퍼스,대구광역시 남구 명덕로 104
6673,사랑비,쎄라비음악다방,대구광역시 중구 국채보상로102길 60
6678,사랑비,순천드라마촬영장,전라남도 순천시 비례골길 24
6711,사랑의 불시착,별마로천문대,강원도 영월군 영월읍 천문대길 397
6715,사랑의 불시착,코모도호텔 부산,부산광역시 중구 중구로 151
6727,사랑의 불시착,담양레이나CC,전라남도 담양군 담양읍 깊은실길 169
6728,사랑의 불시착,빈해원,전라북도 군산시 동령길 57
6729,사랑의 불시착,치유의 숲,제주특별자치도 서귀포시 산록남로 2271
6730,사랑의 불시착,청산수목원,충청남도 태안군 연꽃길 70
6731,사랑의 불시착,비내섬,충청북도 충주시 소태면 복탄리 908
6732,사랑의 불시착,중앙탑 사적공원,충청북도 충주시 중앙탑면 중앙탑길 112-28 일원
6733,사랑의 불시착,탄금호 무지개길,충청북도 충주시 중앙탑면 중앙탑길 150
6760,사랑의 온도,순천만습지,전라남도 순천시 순천만길 513-25
6761,사랑의 온도,향일암,전라남도 여수시 돌산읍 향일암로 60
6782,사생활,배재대학교,대전광역시 서구 배재로 155-40
6813,사생활,익산 교도소 세트장,전라북도 익산시 성당면 함낭로 207
6841,사이코지만 괜찮아,심곡항,강원도 강릉시 강동면 심곡리 157-1
6842,사이코지만 괜찮아,헌화로드라이브코스,강원도 강릉시 강동면 심곡리 헌화로
6843,사이코지만 괜찮아,강원도 고성 민가,강원도 고성군 거진읍 등대길 14
6844,사이코지만 괜찮아,시크릿블루베이커리카페,강원도 고성군 토성면 아야진북길 31-6
6845,사이코지만 괜찮아,설악한옥민박,강원도 속초시 상도문길 58
6846,사이코지만 괜찮아,설악해변,강원도 양양군 강현면 뒷나루2길 5-8
6847,사이코지만 괜찮아,사니다카페,강원도 원주시 호저면 칠봉로 109-128
6857,사이코지만 괜찮아,옥정호,전라북도 임실군 운암면 운종리 473-9
6858,"사임당, 빛의 일기",하슬라아트월드,강원도 강릉시 강동면 율곡로 1441
6859,"사임당, 빛의 일기",오봉산 마당바위,경상북도 경주시 서면 천촌리
6861,사춘기 메들리,연기복싱체육관,세종특별자치시 조치원읍 새내13길 7
6878,상속자들,동해 논골담길,강원도 동해시 논골1길 2
8063,"서른, 아홉",스퀘어루트,강원도 고성군 죽왕면 가향길 2-7
8080,"서른, 아홉",장흥교도소 세트장,전라남도 장흥군 장흥읍 원도리 191
8123,"선배, 그 립스틱 바르지 마요",쏠비치호텔&리조트 삼척,강원도 삼척시 수로부인길 453
8144,설강화,합천 영상 테마파크,경상남도 합천군 용주면 합천호수로 757
8145,설강화,계명대학교 성서캠퍼스,대구광역시 달서구 달구벌대로 1095
8146,설강화,쎄라비음악다방,대구광역시 중구 국채보상로102길 60
8150,설강화,선문대학교 천안캠퍼스,충청남도 천안시 동남구 천안대로 277
8151,설강화,청남대,충청북도 청주시 상당구 문의면 청남대길 646
8234,세상 어디에도 없는 착한남자,추암해수욕장,강원도 동해시 촛대바위길 2
8235,세상 어디에도 없는 착한남자,동피랑 벽화마을,경상남도 통영시 동피랑1길 6-18
8245,세상에서 제일 예쁜 내 딸,남이섬,강원도 춘천시 남산면 남이섬길 1
8246,세상에서 제일 예쁜 내 딸,거례리 사랑나무,강원도 화천군 하남면 거례리 484-2
8314,소년심판,전주지방법원,전라북도 전주시 덕진구 가인로 33
8315,소년심판,전주대학교,전라북도 전주시 완산구 천잠로 303
8326,쇼핑왕 루이,천마산에코하우스,부산광역시 서구 천마산로 342
8327,쇼핑왕 루이,광안리해수욕장,부산광역시 수영구 광안해변로 219
8328,쇼핑왕 루이,보수동 책방 골목,부산광역시 중구 대청로 67-1
8329,쇼핑왕 루이,동백섬,부산광역시 해운대구 동백로 99
8462,순정에 반하다,대명비발디파크,강원도 홍천군 서면 한치골길 262
8519,슈츠,익산 교도소 세트장,전라북도 익산시 성당면 함낭로 207
8610,스물다섯 스물하나,주문리,강원도 강릉시 주문진읍 소돌길 42-23
8611,스물다섯 스물하나,동해 논골담길,강원도 동해시 논골1길 2
8612,스물다섯 스물하나,춘천대교,강원도 춘천시 근화동 609
8613,스물다섯 스물하나,김유정역 폐역,강원도 춘천시 신동면 김유정로 1435
8615,스물다섯 스물하나,경주역,경상북도 경주시 원화로 266
8626,스물다섯 스물하나,몽펠리에 카페 레스토랑,전라북도 완주군 소양면 원대흥길 127-21
8627,스물다섯 스물하나,한벽굴,전라북도 전주시 완산구 교동
8628,스물다섯 스물하나,맹꽁이 오락실,전라북도 전주시 완산구 동문길 6
8629,스물다섯 스물하나,오목대길,전라북도 전주시 완산구 오목대길 27-26
8630,스물다섯 스물하나,논산여자상업고등학교,충청남도 논산시 시민로 197
8646,스위트홈,강촌레일파크,강원도 춘천시 남산면 서백길 57
8649,스카이캐슬,분덕스,강원도 춘천시 남산면 충효로 94
8650,스카이캐슬,소노펠리체 빌리지 비발디파크,강원도 홍천군 서면 한치골길 541-123
8695,스토브리그,대가야문화누리,경상북도 고령군 대가야읍 왕릉로 30
8707,스토브리그,공주고등학교 야구장,충청남도 공주시 공주고담길 2
8719,슬기로운 감빵생활,장흥교도소 세트장,전라남도 장흥군 장흥읍 원도리 191
8752,시간,파크 하얏트 부산,부산광역시 해운대구 마린시티1로 51
8764,시그널,심곡항,강원도 강릉시 강동면 심곡리 157-1
8765,시그널,헌화로드라이브코스,강원도 강릉시 강동면 심곡리 헌화로
8766,시그널,빨차카페,강원도 강릉시 옥계면 헌화로 217
8778,시그널,수목원,전라북도 군산시 구영5길 81
8779,시그널,대야역 (장항선),전라북도 군산시 대야면 지경리 699-2
8780,시그널,익산 교도소 세트장,전라북도 익산시 성당면 함낭로 207
8781,시그널,국립법무병원,충청남도 공주시 반포면 봉곡리 반포초교길 253
8793,시지프스: the myth,광안대교,부산광역시 수영구 민락동 광안대교
8794,시지프스: the myth,벡스코,부산광역시 해운대구 APEC로 55
8811,시지프스: the myth,공세리성당,충청남도 아산시 인주면 공세리성당길 10
8815,시카고 타자기,합천 영상 테마파크,경상남도 합천군 용주면 합천호수로 757
8841,시크릿 가든,씨에스호텔앤리조트,제주특별자치도 서귀포시 중문관광로 196
8842,시크릿 가든,롯데호텔 제주,제주특별자치도 서귀포시 중문관광로72번길 35
8843,시크릿 가든,포레스트 리솜,충청북도 제천시 백운면 금봉로 365
8872,시크릿 가든,사려니 숲길,제주특별자치도 제주시 조천읍 교래리 산 137-1
8879,시티홀,운보의 집,충청북도 청주시 청원구 내수읍 형동2길 92-41
9377,식샤를 합시다 3,광안리해수욕장,부산광역시 수영구 광안해변로 219
9378,식샤를 합시다 3,광안대교,부산광역시 수영구 민락동 광안대교
9701,신데렐라와 네 명의 기사,대관령 양떼목장,강원도 평창군 대관령면 대관령마루길 483-32
9709,신데렐라와 네 명의 기사,사우스케이프오너스클럽,경상남도 남해군 창선면 흥선로 1545
9713,신데렐라와 네 명의 기사,각원사,충청남도 천안시 동남구 각원사길 245
9813,신입사관 구해령,영주소수서원,경상북도 영주시 순흥면 소백로 2740
9815,신입사관 구해령,광한루원,전라북도 남원시 요천로 1447
9859,싸이코패스 다이어리,익산 교도소 세트장,전라북도 익산시 성당면 함낭로 207
9861,쌈 마이웨이,부산 한성주택,부산광역시 남구 문현동 산96-9
9862,쌈 마이웨이,호천문화플랫폼,부산광역시 부산진구 엄광로 491
9879,쌍갑포차,고석정,강원도 철원군 동송읍 태봉로 1825
9888,쌍갑포차,경암동 철길마을,전라북도 군산시 경촌4길 14
9889,쌍갑포차,구룡마을 대나무숲,전라북도 익산시 금마면 신용리 560
9890,쌍갑포차,성흥산 사랑나무,충청남도 부여군 임천면 성흥로97번길 167
9920,아는 와이프,낙산 해수욕장,강원도 양양군 강현면 해맞이길 59
9946,아랑사또전,부용대,경상북도 안동시 풍천면 광덕솔밭길 72
9948,아름다운 그대에게,빅토리아펜션,충청남도 태안군 고남면 큰장돌길 283-42
9991,아름다웠던 우리에게,하도리1구 복지회관,충청남도 논산시 노성면 하도1길 110
9992,아름다웠던 우리에게,탑정호수변생태공원,충청남도 논산시 부적면 충곡리 287-8
9993,아름다웠던 우리에게,논산여자상업고등학교,충청남도 논산시 시민로 197
9994,아버님 제가 모실게요,주문리,강원도 강릉시 주문진읍 소돌길 42-23
9995,아버님 제가 모실게요,강릉 소돌항,강원도 강릉시 주문진읍 주문리 791-23
10012,아스달 연대기,반곡지,경상북도 경산시 남산면 반곡리 246
10041,아이리스,표선 등대,제주특별자치도 서귀포시 표선면 민속해안로 532
10042,아이리스,해비치호텔앤드리조트,제주특별자치도 서귀포시 표선면 민속해안로 537
10047,아이언맨,사우스케이프오너스클럽,경상남도 남해군 창선면 흥선로 1545
10100,아이템,유리트리트,강원도 홍천군 서면 한서로 1468-55
10102,아이템,동피랑 벽화마을,경상남도 통영시 동피랑1길 6-18
10103,아이템,계명대학교 성서캠퍼스,대구광역시 달서구 달구벌대로 1095
10120,아홉수 소년,정동진해수욕장,강원도 강릉시 강동면 정동진리 257-2
10121,아홉수 소년,에이엠브레드앤커피,강원도 강릉시 창해로14번길 24
10122,아홉수 소년,동해 논골담길,강원도 동해시 논골1길 2
10123,아홉수 소년,묵호등대전망대,강원도 동해시 해맞이길 289
10124,아홉수 소년,대관령 양떼목장,강원도 평창군 대관령면 대관령마루길 483-32
10126,악마가 너의 이름을 부를 때,춘천대교,강원도 춘천시 근화동 609
10187,악의 마음을 읽는 자들,직탕폭포,강원도 철원군 동송읍 장흥리 336-1
10194,악의 마음을 읽는 자들,익산 교도소 세트장,전라북도 익산시 성당면 함낭로 207
10195,악의 마음을 읽는 자들,의림지,충청북도 제천시 모산동 241
10222,알고있지만,국립 안동대학교,경상북도 안동시 경동로 1375
10240,알고있지만,울산대학교,울산광역시 남구 대학로 93
10242,알고있지만,3917마중,전라남도 나주시 향교길 42-16
10243,알고있지만,홀통캠핑장,전라남도 무안군 현경면 홀통길 183
10244,알고있지만,여유도예공방,전라남도 여수시 만성리길 53
10245,알고있지만,여수 전통시장,전라남도 여수시 서교동 중앙로3
10246,알고있지만,만성리 해수욕장,전라남도 여수시 서교연등천길 43
10261,알함브라 궁전의 추억,씨마크 호텔,강원도 강릉시 해안로406번길 2
10264,알함브라 궁전의 추억,침례병원,부산광역시 금정구 금단로 200
10275,알함브라 궁전의 추억,사천동성당,충청북도 청주시 청원구 주성로 147
10311,앨리스,합천 영상 테마파크,경상남도 합천군 용주면 합천호수로 757
10322,앨리스,하우스 전주 노송동,전라북도 전주시 완산구 인봉1길 37-17
10328,어게인 마이 라이프,합천 영상 테마파크,경상남도 합천군 용주면 합천호수로 757
10338,어게인 마이 라이프,베어트리파크,세종특별자치시 전동면 신송로 217
10339,어게인 마이 라이프,호서대학교 아산캠퍼스,충청남도 아산시 배방읍 호서로79번길 20
10345,어느 날 우리 집 현관으로 멸망이 들어왔다,경주월드,경상북도 경주시 보문로 544
10346,어느 날 우리 집 현관으로 멸망이 들어왔다,충장로,광주광역시 동구 충장로3가
10367,어느 날 우리 집 현관으로 멸망이 들어왔다,외돌개,제주특별자치도 서귀포시 서홍동 791
10368,어느 날 우리 집 현관으로 멸망이 들어왔다,바보라면,제주특별자치도 제주시 구좌읍 해맞이해안로 1016 바보라면
10369,어느 날 우리 집 현관으로 멸망이 들어왔다,한담해안산책로,제주특별자치도 제주시 애월읍 곽지리 1359
10370,어느 날 우리 집 현관으로 멸망이 들어왔다,말로나스테이,제주특별자치도 제주시 한림읍 귀덕11길 29
10382,어느날,장흥교도소 세트장,전라남도 장흥군 장흥읍 원도리 191
10383,어바웃타임,원주세브란스기독병원,강원도 원주시 일산로 20
10384,어바웃타임,뮤지엄 산,강원도 원주시 지정면 오크밸리2길 260
10385,어바웃타임,춘천대교,강원도 춘천시 근화동 609
10459,언더커버,이월드,대구광역시 달서구 두류공원로 200
10595,여름 향기,명봉역,전라남도 보성군 노동면 예재로 384
10599,여름향기,대한다원보성녹차밭,전라남도 보성군 보성읍 녹차로 763-43
10600,여신강림,KT&G 상상마당 춘천 아트센터,강원도 춘천시 스포츠타운길399번길 25
10611,여신강림,설리스카이워크,경상남도 남해군 미조면 송정리 산352-4
10612,여신강림,쿤스트라운지,경상남도 남해군 삼동면 독일로 34
10613,여신강림,대전대학교,대전광역시 동구 대학로 62
10649,여신강림,느랭이골 글램핑캠핑장,전라남도 광양시 다압면 토끼재길 119-32
10662,여인의 향기,롯데호텔 제주,제주특별자치도 서귀포시 중문관광로72번길 35
10663,여인의 향기,신창풍차해안 등대,제주특별자치도 제주시 한경면 신창리 1481-14
10700,역도요정 김복주,헌화로드라이브코스,강원도 강릉시 강동면 심곡리 헌화로
10704,역도요정 김복주,이월드,대구광역시 달서구 두류공원로 200
10727,역도요정 김복주,옥순봉,충청북도 제천시 수산면 옥순봉로 342
10753,연애의 발견,남이섬,강원도 춘천시 남산면 남이섬길 1
10759,연애의 발견,연화도 출렁다리,경상남도 통영시 욕지면 연화리 산2
10786,열두밤,정동진역,강원도 강릉시 강동면 정동역길 17
10818,열여덟의 순간,휘닉스 평창 스노우 파크,강원도 평창군 봉평면 태기로 174
10843,열혈사제,부산 차이나타운,부산광역시 동구 중앙대로179번길 1
10844,열혈사제,대영로243번길,부산광역시 동구 중앙대로195번길 14
10863,열혈사제,소록도성당,전라남도 고흥군 도양읍 소록선창길 55
10864,열혈사제,돌산대교,전라남도 여수시 돌산읍 우두리 816
10865,열혈사제,여수갯벌노을마을,전라남도 여수시 소라면 서부로 785-24 장척마을회관
10869,영광의 재인,공세리성당,충청남도 아산시 인주면 공세리성당길 10
10906,오 나의 귀신님,버디카라반캠핑장,충청남도 태안군 남면 진산1길 277-200
10907,오 나의 귀신님,통나무집마을펜션,충청남도 태안군 남면 진산리 613
10910,오 마이 금비,익산 교도소 세트장,전라북도 익산시 성당면 함낭로 207
10911,오 마이 레이디,월정사,강원도 평창군 진부면 오대산로 374-8
10930,오! 주인님,김유정역 폐역,강원도 춘천시 신동면 김유정로 1435
10931,오! 주인님,월정사,강원도 평창군 진부면 오대산로 374-8
10973,오렌지 마말레이드,휘닉스제주 섭지코지,제주특별자치도 서귀포시 성산읍 섭지코지로 107
11017,오월의 청춘,합천 영상 테마파크,경상남도 합천군 용주면 합천호수로 757
11018,오월의 청춘,가실성당,경상북도 칠곡군 왜관읍 가실1길 1
11019,오월의 청춘,쎄라비음악다방,대구광역시 중구 국채보상로102길 60
11020,오월의 청춘,대전 삼성동 집,대전광역시 동구 솔랑5길 36
11025,오월의 청춘,부강성당,세종특별자치시 부강면 부강4길 33
11026,오월의 청춘,순천드라마촬영장,전라남도 순천시 비례골길 24
11027,오월의 청춘,남원랜드,전라북도 남원시 양림길 58-13
11028,오월의 청춘,제이딘주얼리,전라북도 전주시 완산구 전라감영4길 19
11065,옥탑방 왕세자,광한루원,전라북도 남원시 요천로 1447
11066,옥탑방 왕세자,마이산탑사,전라북도 진안군 마령면 마이산남로 367
11084,옷소매 붉은 끝동,보성열화정,전라남도 보성군 득량면 오봉리
11085,옷소매 붉은 끝동,광한루원,전라북도 남원시 요천로 1447
11086,옷소매 붉은 끝동,옥정호 구절초테마공원,전라북도 정읍시 산내면 매죽리 571
11087,옷소매 붉은 끝동,문헌서원,충청남도 서천군 기산면 서원로172번길 66
11109,왕은 사랑한다,나주영상테마파크,전라남도 나주시 공산면 덕음로 450
11110,왕은 사랑한다,성흥산 사랑나무,충청남도 부여군 임천면 성흥로97번길 167
11114,왕이 된 남자,황매산,경상남도 산청군 차황면 법평리 산 1
11115,왕이 된 남자,문경새재촬영장 (오픈세트장),경상북도 문경시 문경읍 새재로 1037
11117,왕이 된 남자,성흥산 사랑나무,충청남도 부여군 임천면 성흥로97번길 167
11118,왜 오수재인가,강남1984,강원도 춘천시 남춘로36번길 8
11124,왜 오수재인가,계명대학교 대명캠퍼스,대구광역시 남구 명덕로 104
11148,왜 오수재인가,익산 교도소 세트장,전라북도 익산시 성당면 함낭로 207
11164,"우리, 사랑했을까",전주대학교,전라북도 전주시 완산구 천잠로 303
11190,우리는 오늘부터,헌화로드라이브코스,강원도 강릉시 강동면 심곡리 헌화로
11191,우리는 오늘부터,죽림동성당,강원도 춘천시 약사고개길 23
11197,우리들의 블루스,모슬포중앙시장,제주특별자치도 서귀포시 대정읍 영서중로13번길 9-8
11198,우리들의 블루스,월대천,제주특별자치도 제주시 내도동 898
11199,우리들의 블루스,말로,제주특별자치도 제주시 조천읍 남조로 1785-12
11200,우리들의 블루스,신두리 해수욕장,충청남도 태안군 원북면 신두해변길 201-54
11222,우아한 가,장흥교도소 세트장,전라남도 장흥군 장흥읍 원도리 191
11242,운명과 분노,광안대교,부산광역시 수영구 민락동 광안대교
11243,운명과 분노,부산 해운대구 민가,부산광역시 해운대구 청사포로58번길 82-17
11256,운명처럼 널 사랑해,곤리도,경상남도 통영시 산양읍 곤리리 174-16
11275,원 더 우먼,별마로천문대,강원도 영월군 영월읍 천문대길 397
11287,원 더 우먼,대전근현대사전시관,대전광역시 중구 중앙로 101
11298,원 더 우먼,선문대학교 아산캠퍼스,충청남도 아산시 탕정면 선문로221번길 70
11299,원티드,휘게비엔씨,강원도 강릉시 주문진읍 신리천로 318-24
11300,월간 집,헌화로드라이브코스,강원도 강릉시 강동면 심곡리 헌화로
11301,월간 집,유리트리트,강원도 홍천군 서면 한서로 1468-55
11315,월간 집,황리단길,경상북도 경주시 태종로 746
11430,유미의 세포들,엄마손막국수,강원도 강릉시 운정길 40
11431,유미의 세포들,스카이베이호텔 경포,강원도 강릉시 해안로 476
11432,유미의 세포들,죽림동성당,강원도 춘천시 약사고개길 23
11452,유미의 세포들,카페 인어,제주특별자치도 제주시 한림읍 한림해안로 584
11453,유미의 세포들,연산역 호남선,충청남도 논산시 연산면 선비로275번길 31-2
11454,유미의 세포들,제일반점,충청남도 부여군 초촌면 초촌로6번길 13
11465,유미의 세포들 2,제주국제공항,제주특별자치도 제주시 공항로 2
11476,으라차차 와이키키,유리트리트,강원도 홍천군 서면 한서로 1468-55
11485,으라차차 와이키키,마산종합운동장 야구장,경상남도 창원시 마산회원구 삼호로 63
11512,응답하라 1988,경주신문왕릉,경상북도 경주시 배반동 453-1
11513,응답하라 1988,동궁과 월지,경상북도 경주시 원화로 102
11514,응답하라 1988,경주역,경상북도 경주시 원화로 266
11515,응답하라 1988,경주 동부 사적지대,경상북도 경주시 황남동 111-2
11528,응답하라 1988,얄개분식,충청남도 서산시 해미면 읍성마을4길 24
11553,이리와 안아줘,이월드,대구광역시 달서구 두류공원로 200
11555,이리와 안아줘,장흥교도소 세트장,전라남도 장흥군 장흥읍 원도리 191
11611,이번 생은 처음이라,신전리 방파제,전라남도 고흥군 금산면 신전리
11617,이브,합천 영상 테마파크,경상남도 합천군 용주면 합천호수로 757
11619,이브,베어트리파크,세종특별자치시 전동면 신송로 217
11647,이웃집 꽃미남,동산포해변 야영장,강원도 양양군 현남면 동산리 90-35
11706,이판사판,익산 교도소 세트장,전라북도 익산시 성당면 함낭로 207
11737,인간수업,반야사,충청남도 논산시 가야곡면 삼전길 104
11794,인현왕후의 남자,휘닉스제주 섭지코지,제주특별자치도 서귀포시 성산읍 섭지코지로 107
11795,인현왕후의 남자,제주국제공항,제주특별자치도 제주시 공항로 2
11827,일지매,선교장,강원도 강릉시 운정길 63 선교장
11829,일지매,문경새재 도립공원,경상북도 문경시 문경읍 새재로 932
11830,일지매,나주영상테마파크,전라남도 나주시 공산면 덕음로 450
11831,일지매,죽녹원,전라남도 담양군 담양읍 죽녹원로 119
11832,일지매,성흥산 사랑나무,충청남도 부여군 임천면 성흥로97번길 167
11844,자이언트,동명동성당,강원도 속초시 영랑로7길 10-5
11846,자이언트,두모마을,경상남도 남해군 상주면 양아로533번길 18
11847,자이언트,남해 염해마을,경상남도 남해군 서면 남서대로2309번길 72-20
11848,자이언트,염해등대,경상남도 남해군 서면 노구리 산174-2
11849,자이언트,합천 영상 테마파크,경상남도 합천군 용주면 합천호수로 757
11853,자이언트,순천드라마촬영장,전라남도 순천시 비례골길 24
11854,자이언트,신성리 갈대밭,충청남도 서천군 한산면 신성리 125-1
11859,작은 아씨들,오크밸리 리조트,강원도 원주시 지정면 오크밸리1길 66
11866,장난스런 키스,아프리카박물관,제주특별자치도 서귀포시 이어도로 49
11867,장난스런 키스,씨에스호텔앤리조트,제주특별자치도 서귀포시 중문관광로 196
11868,장미빛 연인들,남이섬,강원도 춘천시 남산면 남이섬길 1
11872,"장옥정, 사랑에 살다",광한루원,전라북도 남원시 요천로 1447
11890,저글러스,전주시 완산구 노송동 개인주택,전라북도 전주시 완산구 인봉1길 37-17
11891,저글러스,연미스튜디오,전라북도 전주시 완산구 팔달로 22-2
11903,저스티스,장흥교도소 세트장,전라남도 장흥군 장흥읍 원도리 191
11904,전설의 고향,광한루원,전라북도 남원시 요천로 1447
11909,전설의 마녀,제주국제공항,제주특별자치도 제주시 공항로 2
11912,전우치,나주영상테마파크,전라남도 나주시 공산면 덕음로 450
12108,절대 그이,삼탄아트마인,강원도 정선군 고한읍 함백산로 1445-44
12116,절대 그이,담양레이나CC,전라남도 담양군 다양 읍 깊은 실길 169
12127,제3의 매력,감천문화마을,부산광역시 사하구 감내2로 203
12164,제빵왕 김탁구,수암골 벽화마을,충청북도 청주시 상당구 수암로 58
12166,"제왕의 딸, 수백향",백제문화단지,충청남도 부여군 규암면 백제문로 455
12170,조선로코 녹두전,고산정,경상북도 안동시 도산면 가송길 177-42
12171,조선로코 녹두전,부용대,경상북도 안동시 풍천면 광덕솔밭길 72
12172,조선로코 녹두전,영주 무섬마을,경상북도 영주시 문수면 무섬로 238-2
12173,조선로코 녹두전,보리나라 학원농장,전라북도 고창군 공음면 학원농장길 154
12174,조선로코 녹두전,수선루,전라북도 진안군 마령면 강정리 산 57
12175,조선로코 녹두전,궁남지,충청남도 부여군 부여읍 궁남로 52
12182,좀비탐정,익산 교도소 세트장,전라북도 익산시 성당면 함낭로 207
12322,"지금, 헤어지는 중입니다",광안대교,부산광역시 수영구 민락동 광안대교
12362,지옥,목천로 20길,전라북도 익산시 동산동 목천로20길
12410,진심이 닿다,선문대학교 아산캠퍼스,충청남도 아산시 탕정면 선문로221번길 70
12429,질투의 화신,대천해수욕장,충청남도 보령시 머드로 123
12430,질투의 화신,군헌갯벌체험학습장,충청남도 보령시 해안로 607-5
12441,찬란한 유산,묵호등대전망대,강원도 동해시 해맞이길 289
12462,천국의 계단,경강역 (폐역),강원도 춘천시 남산면 서백길 62-52
12471,천원짜리 변호사,도롱이연못,강원도 정선군 사북읍 사북리 도롱이연못
12489,철인왕후,문경새재촬영장 (오픈세트장),경상북도 문경시 문경읍 새재로 1037
12490,철인왕후,병산서원,경상북도 안동시 풍천면 병산길 386
12493,철인왕후,궁남지,충청남도 부여군 부여읍 궁남로 52
12495,첫사랑은 처음이라서,오죽헌 경내,강원도 강릉시 율곡로3139번길 24
12496,첫사랑은 처음이라서,소토보체,강원도 홍천군 화촌면 군업안말길 153-15
12533,첫사랑은 처음이라서,전주고속버스터미널,전라북도 전주시 덕진구 가리내로 70
12534,첫사랑은 처음이라서,전주전동성당,전라북도 전주시 완산구 태조로 51
12535,첫사랑은 처음이라서,향교길,전라북도 전주시 완산구 향교길 105
12549,청춘기록,문경새재촬영장 (오픈세트장),경상북도 문경시 문경읍 새재로 1037
12580,청춘기록,광한루원,전라북도 남원시 요천로 1447
12624,초면에 사랑합니다,유리트리트,강원도 홍천군 서면 한서로 1468-55
12651,초콜릿,인터컨티넨탈 알펜시아 평창 리조트,강원도 평창군 대관령면 솔봉로 325
12654,초콜릿,계명대학교 성서캠퍼스,대구광역시 달서구 달구벌대로 1095
12657,초콜릿,정도리구계등,전라남도 완도군 완도읍 정도리 152
12658,초콜릿,대천해수욕장,충청남도 보령시 머드로 123
12663,최강 배달꾼,거진해수욕장,강원도 고성군 거진읍 거진리 22-59
12664,최강 배달꾼,거탄진로209번길,강원도 고성군 거진읍 거탄진로209번길 5-4
12688,최강 배달꾼,익산 교도소 세트장,전라북도 익산시 성당면 함낭로 207
12726,추노,사성암,전라남도 구례군 문척면 사성암길 303
12727,추노,광한루원,전라북도 남원시 요천로 1447
12735,추리의 여왕,안도르,대전광역시 중구 선화로 148
12736,추리의 여왕,대전근현대사전시관,대전광역시 중구 중앙로 101
12796,친애하는 판사님께,유리트리트,강원도 홍천군 서면 한서로 1468-55
12801,친애하는 판사님께,장흥교도소 세트장,전라남도 장흥군 장흥읍 원도리 191
12802,친애하는 판사님께,대둔산 금강구름다리,전라북도 완주군 운주면 산북리
12836,컬러 러쉬,경주세계문화엑스포공원,경상북도 경주시 경감로 614
12838,쾌걸 춘향,광한루원,전라북도 남원시 요천로 1447
12843,크레이지 러브,강릉역,강원도 강릉시 용지로 176
12844,크레이지 러브,오크밸리 리조트,강원도 원주시 지정면 오크밸리1길 66
12863,크레이지 러브,호서대학교 아산캠퍼스,충청남도 아산시 배방읍 호서로79번길 20
12866,크로스,미즈제일여성병원,대전광역시 유성구 계룡로 126
12875,크로스,장흥교도소 세트장,전라남도 장흥군 장흥읍 원도리 191
12918,"킬미, 힐미",등명해변,강원도 강릉시 강동면 정동진리 440-7
12924,킬힐,오크밸리 리조트,강원도 원주시 지정면 오크밸리1길 66
12951,타임즈,합천 영상 테마파크,경상남도 합천군 용주면 합천호수로 757
12981,태양의 후예,삼탄아트마인,강원도 정선군 고한읍 함백산로 1445-44
12982,태양의 후예,통리탄탄파크 (태양의 후예 태백세트장),강원도 태백시 통골길 116-44
12983,태양의 후예,태양의후예 태백세트장,강원도 태백시 통동 산 67-38
12998,태조 왕건,문경새재촬영장 (오픈세트장),경상북도 문경시 문경읍 새재로 1037
13058,투제니,서천 마량포구,충청남도 서천군 서면 마량리 344
13059,투제니,신성리 갈대밭,충청남도 서천군 한산면 신성리 125-1
13227,펜트하우스 2,선문대학교 아산캠퍼스,충청남도 아산시 탕정면 선문로221번길 70
13228,펜트하우스 3,오크밸리 리조트,강원도 원주시 지정면 오크밸리1길 66
13229,펜트하우스 3,직탕폭포,강원도 철원군 동송읍 장흥리 336-1
13235,펜트하우스 3,부산역,부산광역시 동구 중앙대로 206
13247,펜트하우스 3,익산 교도소 세트장,전라북도 익산시 성당면 함낭로 207
13270,포레스트,월정사,강원도 평창군 진부면 오대산로 374-8
13272,포레스트,미성마을,경상북도 군위군 우보면 미성5길 58-1
13277,푸른 바다의 전설,헌화로드라이브코스,강원도 강릉시 강동면 심곡리 헌화로
13278,푸른 바다의 전설,라라무리,강원도 강릉시 연곡면 진고개로 2551-18
13279,푸른 바다의 전설,대명비발디파크,강원도 홍천군 서면 한치골길 262
13280,푸른 바다의 전설,소노벨 비발디파크,강원도 홍천군 서면 한치골길 262
13286,푸른 바다의 전설,최참판댁 촬영지,경상남도 하동군 악양면 평사리길 66-7
13287,푸른 바다의 전설,문경새재 도립공원,경상북도 문경시 문경읍 새재로 932
13306,푸른 바다의 전설,대한다원보성녹차밭,전라남도 보성군 보성읍 녹차로 763-43
13307,푸른 바다의 전설,아쿠아플라넷 여수,전라남도 여수시 오동도로 61-11
13308,푸른 바다의 전설,휘닉스제주 섭지코지,제주특별자치도 서귀포시 성산읍 섭지코지로 107
13309,푸른 바다의 전설,메이즈랜드,제주특별자치도 제주시 구좌읍 비자림로 2134-47
13310,푸른 바다의 전설,신두리 해수욕장,충청남도 태안군 원북면 신두해변길 201-54
13315,풍선껌,강문해변,강원도 강릉시 창해로350번길 5
13316,풍선껌,대관령 양떼목장,강원도 평창군 대관령면 대관령마루길 483-32
13317,풍선껌,대명비발디파크,강원도 홍천군 서면 한치골길 262
13338,프라하의 연인,내소사,전라북도 부안군 진서면 내소사로 243
13390,하나뿐인 내편,장흥교도소 세트장,전라남도 장흥군 장흥읍 원도리 191
13444,"하이드 지킬, 나",뮤지엄 산,강원도 원주시 지정면 오크밸리2길 260
13468,"하이바이, 마마!",남이섬,강원도 춘천시 남산면 남이섬길 1
13557,학교 2017,선문대학교 아산캠퍼스,충청남도 아산시 탕정면 선문로221번길 70
13568,한 번 다녀왔습니다,태화강 국가정원,울산광역시 중구 태화강국가정원길 154
13804,함부로 애틋하게,장재터로,강원도 양양군 강현면 하복리 652-3
13807,함부로 애틋하게,장사도 해상공원 까멜리아,경상남도 통영시 한산면 장사도길 55
13811,함부로 애틋하게,공세리성당,충청남도 아산시 인주면 공세리성당길 10
13814,해치,문경새재촬영장 (오픈세트장),경상북도 문경시 문경읍 새재로 1037
13815,해치,궁남지,충청남도 부여군 부여읍 궁남로 52
13872,호텔 델루나,망상해수욕장,강원도 동해시 동해대로 6270-10
13886,호텔 델루나,합천 영상 테마파크,경상남도 합천군 용주면 합천호수로 757
13887,호텔 델루나,김천 한국보건대 (폐교),경상북도 김천시 어모면 옥율1길 94
13888,호텔 델루나,문경새재촬영장 (오픈세트장),경상북도 문경시 문경읍 새재로 1037
13922,호텔 델루나,목포근대역사관 1관,전라남도 목포시 영산로29번길 6
13923,호텔 델루나,성흥산 사랑나무,충청남도 부여군 임천면 성흥로97번길 167
13924,호텔 델루나,제천 원박리 폐터널,충청북도 제천시 봉양읍 의암로1길 66
13925,호텔킹,정동진해수욕장,강원도 강릉시 강동면 정동진리 257-2
13926,호텔킹,주문진방파제,강원도 강릉시 주문진읍 교항리 81-68
13927,호텔킹,시인과바다,강원도 강릉시 주문진읍 해안로 1887
13928,호텔킹,인터컨티넨탈 알펜시아 평창 리조트,강원도 평창군 대관령면 솔봉로 325
13955,홍천기,반곡지,경상북도 경산시 남산면 반곡리 246
13956,홍천기,영주선비촌,경상북도 영주시 순흥면 소백로 2796
13957,홍천기,광한루원,전라북도 남원시 요천로 1447
13958,화랑,한화리조트 설악 쏘라노,강원도 속초시 미시령로2983번길 111
13961,화랑,해양드라마세트장,경상남도 창원시 마산합포구 구산면 석고리 산183-2
13962,화랑,화랑의 언덕 (OK그린오토캠핑장),경상북도 경주시 산내면 내일리 산267-3
13963,화랑,라궁,경상북도 경주시 엑스포로 55-12
13964,화랑,옥양 폭포,경상북도 상주시 화북면 입석리
13965,화랑,마애솔숲문화공원,경상북도 안동시 풍산읍 마애리 40-2
13966,화랑,성흥산 사랑나무,충청남도 부여군 임천면 성흥로97번길 167
13967,화랑,온달관광지,충청북도 단양군 영춘면 온달로 23
13968,화양연화,치악역,강원도 원주시 판부면 치악로 730
13969,화양연화,강촌레일파크,강원도 춘천시 남산면 서백길 57
13970,화양연화,김유정역 폐역,강원도 춘천시 신동면 김유정로 1435
13979,화양연화,고현로11길,경상남도 거제시 거제중앙로 1898-13
13980,화양연화,흥남해수욕장,경상남도 거제시 장목면 흥남길 46
13981,화양연화,화본역,경상북도 군위군 산성면 산성가음로 711-9
13982,화양연화,미성마을,경상북도 군위군 우보면 미성5길 58-1
13983,화양연화,대전외국인학교,대전광역시 유성구 용산2로 77
14022,화양연화,옥정호,전라북도 임실군 운암면 운종리 473-9
14029,화유기,문화공감수정,부산광역시 동구 홍곡로 75
14049,환혼,고석정,강원도 철원군 동송읍 태봉로 1825
14050,환혼,나주영상테마파크,전라남도 나주시 공산면 덕음로 450
14051,환혼,성흥산 사랑나무,충청남도 부여군 임천면 성흥로97번길 167
14092,황후의 품격,제장마을,강원도 정선군 신동읍 제장길 1-38
14107,황후의 품격,백제문화단지,충청남도 부여군 규암면 백제문로 455
14108,황후의 품격,궁남지,충청남도 부여군 부여읍 궁남로 52
14109,황후의 품격,왕식이네해물칼국수,충청남도 서천군 비인면 갯벌체험로 492-25
14119,훈남정음,제장마을,강원도 정선군 신동읍 제장길 1-38
14124,훈남정음,성흥산 사랑나무,충청남도 부여군 임천면 성흥로97번길 167
14128,흑기사,부용대,경상북도 안동시 풍천면 광덕솔밭길 72
14162,힐러,청남대,충청북도 청주시 상당구 문의면 청남대길 646
14163,힐러,서문교,충청북도 청주시 서원구 사직동
14164,힐러,s459,충청북도 청주시 서원구 서부로 1436
14165,힐러,운보의 집,충청북도 청주시 청원구 내수읍 형동2길 92-41
14166,힐러,청주첨단문화산업단지,충청북도 청주시 청원구 상당로 314 청주첨단문화산업단지
14167,힘쎈여자 도봉순,대포항 등대,강원도 속초시 대포항 등대
14168,힘쎈여자 도봉순,쏠비치 양양,강원도 양양군 손양면 선사유적로 678
14196,힘쎈여자 도봉순,대둔산 금강구름다리,전라북도 완주군 운주면 산북리
14197,힘쎈여자 도봉순,대둔산,전라북도 완주군 운주면 산북리 611-34
14198,힘쎈여자 도봉순,대둔산 안심사,전라북도 완주군 운주면 안심길 372
14334,D.P.,아난티 코브,부산광역시 기장군 기장읍 기장해안로 268-31
14335,D.P.,광안대교,부산광역시 수영구 민락동 광안대교
14338,D.P.,울산대학교,울산광역시 남구 대학로 93
14616,SF8,모나무르 복합문화공간 아산,충청남도 아산시 순천향로 624
14627,SKY 캐슬,분덕스,강원도 춘천시 남산면 충효로 94
14653,SKY 캐슬,담양레이나CC,전라남도 담양군 담양읍 깊은실길 169
2,모단걸,합천 영상 테마파크,(50215)경상남도 합천군 용주면 합천호수로 757
22,발칙하게 고고,단콩,(30016)세종특별자치시 조치원읍 섭골길 35-4 단콩
23,발칙하게 고고,세종호수공원,(30106)세종특별자치시 호수공원길 155
24,발칙하게 고고,녹수원글램핑,(32500)충청남도 공주시 유구읍 금계산로 919-11
33,무법 변호사,춘천대교,(24238)강원도 춘천시 근화동 609
37,무브 투 헤븐 : 나는 유품정리사입니다,신녕역,(38803)경상북도 영천시 신녕면 장수로 1587
39,미스터 션샤인,운보의 집,(28149)충청북도 청주시 청원구 내수읍 형동2길 92-41
40,미스터 션샤인,선샤인스튜디오,(33012)충청남도 논산시 연무읍 봉황로 90
45,미스터 션샤인,부안영상테마파크,전라북도 부안군 반석면 격포로 309-64
57,모래시계,계명대학교 대명캠퍼스,(42403)대구광역시 남구 명덕로 104
113,호텔 델루나,성흥산 사랑나무,(33219)충청남도 부여군 임천면 성흥로97번길 167
114,호텔 델루나,목포근대역사관 1관,(58729)전라남도 목포시 영산로29번길 6
135,부암동 복수자들,유리트리트,(25103)강원도 홍천군 서면 한서로 1468-55
187,푸른 바다의 전설,대명비발디파크,(25102)강원도 홍천군 서면 한치골길 262
188,푸른 바다의 전설,라라무리,(25428)강원도 강릉시 연곡면 진고개로 2551-18
189,푸른 바다의 전설,헌화로드라이브코스,강원도 강릉시 강동면 심곡리 헌화로
223,인현왕후의 남자,휘닉스제주 섭지코지,(63642)제주특별자치도 서귀포시 성산읍 섭지코지로 107
224,인현왕후의 남자,제주국제공항,(63115)제주특별자치도 제주시 공항로 2
242,슬기로운 감빵생활,장흥교도소 세트장,(59319)전라남도 장흥군 장흥읍 원도리 191
254,알함브라 궁전의 추억,사천동성당,(28337)충청북도 청주시 청원구 주성로 147
272,"단, 하나의 사랑",엑스포다리,대전광역시 유성구 도룡동
305,"단, 하나의 사랑",제이드가든,(24464)강원도 춘천시 남산면 햇골길 80
306,"단, 하나의 사랑",KT&G 상상마당 춘천 아트센터,(24239)강원도 춘천시 스포츠타운길399번길 25
347,"단, 하나의 사랑",합덕성당,(31812)충청남도 당진시 합덕읍 합덕성당2길 22
348,달리와 감자탕,오크밸리 리조트,(26357)강원도 원주시 지정면 오크밸리1길 66
361,도도솔솔라라솔,청춘게스트하우스,(58726)전라남도 목포시 달성길 39
370,도도솔솔라라솔,서산동 시화골목길,(58758)전라남도 목포시 보리마당로 14
371,도도솔솔라라솔,유달산,전라남도 목포시 죽교동 산 27-1
379,도도솔솔라라솔,목포삼학초등학교,(58738)전라남도 목포시 남해로39번길 8
428,도시남녀의 사랑법,이이남스튜디오,(61642)광주광역시 남구 제중로47번길 10
467,보좌관,담양레이나CC,(57351)전라남도 담양군 담양읍 깊은실길 169
477,영광의 재인,공세리성당,(31427)충청남도 아산시 인주면 공세리성당길 10
494,호텔 델루나,김천 한국보건대 (폐교),(39504)경상북도 김천시 어모면 옥율1길 94
496,열혈사제,대영로243번길,(48816)부산광역시 동구 중앙대로195번길 14
527,대박,오봉산 마당바위,경상북도 경주시 서면 천촌리
531,돈꽃,을숙도,(49435)부산광역시 사하구 하단동 1207
539,독고 리와인드,강촌레일파크,(24464)강원도 춘천시 남산면 서백길 57
550,태조 왕건,문경새재촬영장 (오픈세트장),(36919)경상북도 문경시 문경읍 새재로 1037
558,응답하라 1988,경주 동부 사적지대,경상북도 경주시 황남동 111-2
559,응답하라 1988,경주역,(38147)경상북도 경주시 원화로 266
560,응답하라 1988,동궁과 월지,(38163)경상북도 경주시 원화로 102
561,응답하라 1988,경주신문왕릉,(38174)경상북도 경주시 배반동 453-1
571,아스달 연대기,반곡지,(38571)경상북도 경산시 남산면 반곡리 246
578,순정에 반하다,대명비발디파크,(25102)강원도 홍천군 서면 한치골길 262
579,사이코지만 괜찮아,헌화로드라이브코스,강원도 강릉시 강동면 심곡리 헌화로
580,사이코지만 괜찮아,심곡항,(25632)강원도 강릉시 강동면 심곡리 157-1
598,응답하라 1988,얄개분식,(31960)충청남도 서산시 해미면 읍성마을4길 24
609,사생활,익산 교도소 세트장,(54505)전라북도 익산시 성당면 함낭로 207
622,태양의 후예,태양의후예 태백세트장,(26029)강원도 태백시 통동 산 67-38
625,태양의 후예,삼탄아트마인,(26157)강원도 정선군 고한읍 함백산로 1445-44
628,나를 사랑한 스파이,제주국제공항,(63115)제주특별자치도 제주시 공항로 2
633,꽃보다 남자,설악해변,(25004)강원도 양양군 강현면 뒷나루2길 5-8
638,내 아이디는 강남미인,용평리조트,(25352)강원도 평창군 대관령면 올림픽로 715
643,내일 그대와,뮤지엄 산,(26357)강원도 원주시 지정면 오크밸리2길 260
667,나를 사랑한 스파이,담양레이나CC,(57351)전라남도 담양군 담양읍 깊은실길 169
706,남자친구,라라무리,(25428)강원도 강릉시 연곡면 진고개로 2551-18
712,남자친구,헌화로드라이브코스,강원도 강릉시 강동면 심곡리 헌화로
715,나를 사랑한 스파이,천주교 양남 성당,(38219)경상북도 경주시 양남면 양남항구길 103-4
716,내일,음성천,충청북도 음성군 음성읍 석인리
724,남자친구,롯데리조트 속초,(24900)강원도 속초시 대포항길 186
727,열두밤,정동진역,(25631)강원도 강릉시 강동면 정동역길 17
735,복수가 돌아왔다,중앙탑 사적공원,(27447)충청북도 충주시 중앙탑면 중앙탑길 112-28 일원
747,함부로 애틋하게,장재터로,강원도 양양군 강현면 하복리 652-3
779,해치,궁남지,(33165)충청남도 부여군 부여읍 궁남로 52
780,해치,문경새재촬영장 (오픈세트장),(36919)경상북도 문경시 문경읍 새재로 1037
781,함부로 애틋하게,공세리성당,(31427)충청남도 아산시 인주면 공세리성당길 10
785,함부로 애틋하게,장사도 해상공원 까멜리아,(53094)경상남도 통영시 한산면 장사도길 55
814,(아는 건 별로 없지만) 가족입니다,파도리해수욕장,(32124)충청남도 태안군 소원면 파도길 63-12
815,(아는 건 별로 없지만) 가족입니다,고흥우주발사전망대,(59521)전라남도 고흥군 영남면 해맞이로 840
830,365: 운명을 거스르는 1년,모나무르 복합문화공간 아산,(31560)충청남도 아산시 순천향로 624
837,1%의 어떤것,사천진해수욕장,(25435)강원도 강릉시 사천면 사천진리 266-2
845,1%의 어떤것,보헤미안박이추커피,(25435)강원도 강릉시 사천면 해안로 1107
851,1%의 어떤것,인터컨티넨탈 알펜시아 평창 리조트,(25351)강원도 평창군 대관령면 솔봉로 325
868,백일의 낭군님,영주 무섬마을,(36173)경상북도 영주시 문수면 무섬로 238-2
890,알함브라 궁전의 추억,씨마크 호텔,(25460)강원도 강릉시 해안로406번길 2
895,알함브라 궁전의 추억,침례병원,(46214)부산광역시 금정구 금단로 200
896,알고있지만,여수 전통시장,전라남도 여수시 서교동 중앙로3
922,알고있지만,울산대학교,(44610)울산광역시 남구 대학로 93
934,포레스트,월정사,(25318)강원도 평창군 진부면 오대산로 374-8
936,포레스트,미성마을,경상북도 군위군 우보면 미성5길 58-1
937,펜트하우스 3,익산 교도소 세트장,(54505)전라북도 익산시 성당면 함낭로 207
992,당신이 잠든 사이에,삼척해수욕장,강원도 삼척시 교동
993,당신이 잠든 사이에,약사리문화마을,(24355)강원도 춘천시 중앙로67번길 56
998,18 어게인,소토보체,(25159)강원도 홍천군 화촌면 군업안말길 153-15
1012,달리와 감자탕,스위스마을 컬러스테이,(63342)제주특별자치도 제주시 조천읍 함와로 566-27
1015,달리와 감자탕,합덕성당,(31812)충청남도 당진시 합덕읍 합덕성당2길 22
1016,달리와 감자탕,모나무르 복합문화공간 아산,(31560)충청남도 아산시 순천향로 624
1035,"지금, 헤어지는 중입니다",광안대교,부산광역시 수영구 민락동 광안대교
1054,열여덟의 순간,휘닉스 평창 스노우 파크,(25307)강원도 평창군 봉평면 태기로 174
1068,병원선,대우병원,(53317)경상남도 거제시 두모길 16
1121,더킹 투하츠,계명대학교 대명캠퍼스,(42403)대구광역시 남구 명덕로 104
1123,달의 연인 - 보보경심 려,아홉산숲,(46050)부산광역시 기장군 철마면 웅천리 520-10
1124,달의 연인 - 보보경심 려,사성암,(57632)전라남도 구례군 문척면 사성암길 303
1125,달의 연인 - 보보경심 려,나주영상테마파크,(58289)전라남도 나주시 공산면 덕음로 450
1154,도도솔솔라라솔,합천 영상 테마파크,(50215)경상남도 합천군 용주면 합천호수로 757
1169,달의 연인 - 보보경심 려,광한루원,(55776)전라북도 남원시 요천로 1447
1170,달의 연인 - 보보경심 려,내소사,(56344)전라북도 부안군 진서면 내소사로 243
1171,달의 연인 - 보보경심 려,백제문화단지,(33115)충청남도 부여군 규암면 백제문로 455
1176,더 케이투,기지포해수욕장,(32162)충청남도 태안군 안면읍 해안관광로 745-19
1177,더 케이투,익산 교도소 세트장,(54505)전라북도 익산시 성당면 함낭로 207
1190,더킹 투하츠,익산 교도소 세트장,(54505)전라북도 익산시 성당면 함낭로 207
1192,더킹 투하츠,담양레이나CC,(57351)전라남도 담양군 담양읍 깊은실길 169
1231,달의 연인 - 보보경심 려,부용대,(36757)경상북도 안동시 풍천면 광덕솔밭길 72
1245,달의 연인 - 보보경심 려,위양못 이팝나무,(50401)경상남도 밀양시 부북면 위양리 297
1246,달의 연인 - 보보경심 려,반곡지,(38571)경상북도 경산시 남산면 반곡리 246
1248,쌍갑포차,성흥산 사랑나무,(33219)충청남도 부여군 임천면 성흥로97번길 167
1251,크로스,미즈제일여성병원,(34188)대전광역시 유성구 계룡로 126
1276,크레이지 러브,호서대학교 아산캠퍼스,(31499)충청남도 아산시 배방읍 호서로79번길 20
1293,소년심판,전주지방법원,(54867)전라북도 전주시 덕진구 가인로 33
1294,소년심판,전주대학교,(55069)전라북도 전주시 완산구 천잠로 303
1295,쌍갑포차,고석정,(24023)강원도 철원군 동송읍 태봉로 1825
1327,사랑비,순천드라마촬영장,(57972)전라남도 순천시 비례골길 24
1332,사랑비,쎄라비음악다방,(41931)대구광역시 중구 국채보상로102길 60
1333,사랑비,계명대학교 대명캠퍼스,(42403)대구광역시 남구 명덕로 104
1334,사랑비,영주 무섬마을,(36173)경상북도 영주시 문수면 무섬로 238-2
1335,사랑비,제이드가든,(24464)강원도 춘천시 남산면 햇골길 80
1364,크로스,장흥교도소 세트장,(59319)전라남도 장흥군 장흥읍 원도리 191
1383,오! 주인님,김유정역 폐역,(24412)강원도 춘천시 신동면 김유정로 1435
1393,질투의 화신,대천해수욕장,(33489)충청남도 보령시 머드로 123
1402,오! 주인님,월정사,(25318)강원도 평창군 진부면 오대산로 374-8
1429,찬란한 유산,묵호등대전망대,(25717)강원도 동해시 해맞이길 289
1433,홍천기,반곡지,(38571)경상북도 경산시 남산면 반곡리 246
1434,홍천기,영주선비촌,(36013)경상북도 영주시 순흥면 소백로 2796
1435,홍천기,광한루원,(55776)전라북도 남원시 요천로 1447
1440,호텔킹,정동진해수욕장,(25631)강원도 강릉시 강동면 정동진리 257-2
1441,호텔킹,주문진방파제,(25424)강원도 강릉시 주문진읍 교항리 81-68
1442,호텔킹,시인과바다,(25408)강원도 강릉시 주문진읍 해안로 1887
1443,호텔킹,인터컨티넨탈 알펜시아 평창 리조트,(25351)강원도 평창군 대관령면 솔봉로 325
1459,오 마이 금비,익산 교도소 세트장,(54505)전라북도 익산시 성당면 함낭로 207
1462,오 마이 레이디,월정사,(25318)강원도 평창군 진부면 오대산로 374-8
1470,진심이 닿다,선문대학교 아산캠퍼스,(31460)충청남도 아산시 탕정면 선문로221번길 70
1476,푸른 바다의 전설,대한다원보성녹차밭,(59448)전라남도 보성군 보성읍 녹차로 763-43
1477,푸른 바다의 전설,휘닉스제주 섭지코지,(63642)제주특별자치도 서귀포시 성산읍 섭지코지로 107
1482,풍선껌,강문해변,(25467)강원도 강릉시 창해로350번길 5
1483,풍선껌,대관령 양떼목장,(25342)강원도 평창군 대관령면 대관령마루길 483-32
1484,풍선껌,대명비발디파크,(25102)강원도 홍천군 서면 한치골길 262
1489,시그널,심곡항,(25632)강원도 강릉시 강동면 심곡리 157-1
1490,시그널,헌화로드라이브코스,강원도 강릉시 강동면 심곡리 헌화로
1503,앨리스,합천 영상 테마파크,(50215)경상남도 합천군 용주면 합천호수로 757
1514,일지매,성흥산 사랑나무,(33219)충청남도 부여군 임천면 성흥로97번길 167
1544,앨리스,하우스 전주 노송동,(55011)전라북도 전주시 완산구 인봉1길 37-17
1571,시간,파크 하얏트 부산,(48120)부산광역시 해운대구 마린시티1로 51
1610,화양연화,고현로11길,(53251)경상남도 거제시 거제중앙로 1898-13
1611,화양연화,흥남해수욕장,(53202)경상남도 거제시 장목면 흥남길 46
1612,화양연화,화본역,경상북도 군위군 산성면 산성가음로 711-9
1613,화양연화,미성마을,경상북도 군위군 우보면 미성5길 58-1
1614,화양연화,대전외국인학교,(34035)대전광역시 유성구 용산2로 77
1615,부부의 세계,대명비발디파크,(25102)강원도 홍천군 서면 한치골길 262
1631,오렌지 마말레이드,휘닉스제주 섭지코지,(63642)제주특별자치도 서귀포시 성산읍 섭지코지로 107
1654,천국의 계단,경강역 (폐역),(24464)강원도 춘천시 남산면 서백길 62-52
1670,화양연화,김유정역 폐역,(24412)강원도 춘천시 신동면 김유정로 1435
1671,화양연화,강촌레일파크,(24464)강원도 춘천시 남산면 서백길 57
1672,화양연화,치악역,(26504)강원도 원주시 판부면 치악로 730
1673,화랑,온달관광지,(27020)충청북도 단양군 영춘면 온달로 23
1707,SF8,모나무르 복합문화공간 아산,(31560)충청남도 아산시 순천향로 624
1710,사이코지만 괜찮아,옥정호,(55906)전라북도 임실군 운암면 운종리 473-9
1711,"사임당, 빛의 일기",하슬라아트월드,(25631)강원도 강릉시 강동면 율곡로 1441
1712,"사임당, 빛의 일기",오봉산 마당바위,경상북도 경주시 서면 천촌리
1714,사춘기 메들리,연기복싱체육관,(30023)세종특별자치시 조치원읍 새내13길 7
1725,아이리스,표선 등대,(63629)제주특별자치도 서귀포시 표선면 민속해안로 532
1726,아이리스,해비치호텔앤드리조트,(63629)제주특별자치도 서귀포시 표선면 민속해안로 537
1736,이리와 안아줘,이월드,(42666)대구광역시 달서구 두류공원로 200
1738,이리와 안아줘,장흥교도소 세트장,(59319)전라남도 장흥군 장흥읍 원도리 191
1752,SKY 캐슬,분덕스,(24466)강원도 춘천시 남산면 충효로 94
1772,아이언맨,사우스케이프오너스클럽,(52455)경상남도 남해군 창선면 흥선로 1545
1826,사이코지만 괜찮아,사니다카페,(26303)강원도 원주시 호저면 칠봉로 109-128
1827,사이코지만 괜찮아,설악해변,(25004)강원도 양양군 강현면 뒷나루2길 5-8
1829,사이코지만 괜찮아,설악한옥민박,(24904)강원도 속초시 상도문길 58
1830,사이코지만 괜찮아,시크릿블루베이커리카페,(24756)강원도 고성군 토성면 아야진북길 31-6
1832,사이코지만 괜찮아,강원도 고성 민가,(24712)강원도 고성군 거진읍 등대길 14
1850,첫사랑은 처음이라서,소토보체,(25159)강원도 홍천군 화촌면 군업안말길 153-15
1851,첫사랑은 처음이라서,오죽헌 경내,(25465)강원도 강릉시 율곡로3139번길 24
1853,철인왕후,궁남지,(33165)충청남도 부여군 부여읍 궁남로 52
1856,철인왕후,병산서원,(36760)경상북도 안동시 풍천면 병산길 386
1879,화양연화,옥정호,(55906)전라북도 임실군 운암면 운종리 473-9
1886,화유기,문화공감수정,(48785)부산광역시 동구 홍곡로 75
1894,철인왕후,문경새재촬영장 (오픈세트장),(36919)경상북도 문경시 문경읍 새재로 1037
1940,어느 날 우리 집 현관으로 멸망이 들어왔다,경주월드,(38117)경상북도 경주시 보문로 544
1946,어게인 마이 라이프,호서대학교 아산캠퍼스,(31499)충청남도 아산시 배방읍 호서로79번길 20
1947,어게인 마이 라이프,베어트리파크,(30009)세종특별자치시 전동면 신송로 217
1952,시지프스: the myth,벡스코,(48060)부산광역시 해운대구 APEC로 55
1953,시지프스: the myth,광안대교,부산광역시 수영구 민락동 광안대교
1962,백일의 낭군님,아홉산숲,(46050)부산광역시 기장군 철마면 웅천리 520-10
1967,작은 아씨들,오크밸리 리조트,(26357)강원도 원주시 지정면 오크밸리1길 66
1979,어느 날 우리 집 현관으로 멸망이 들어왔다,충장로,광주광역시 동구 충장로3가
1992,백일의 낭군님,부안영상테마파크,전라북도 부안군 반석면 격포로 309-64
1993,백일의 낭군님,광한루원,(55776)전라북도 남원시 요천로 1447
2009,프라하의 연인,내소사,(56344)전라북도 부안군 진서면 내소사로 243
2013,어게인 마이 라이프,합천 영상 테마파크,(50215)경상남도 합천군 용주면 합천호수로 757
2020,시그널,익산 교도소 세트장,(54505)전라북도 익산시 성당면 함낭로 207
2021,시그널,국립법무병원,충청남도 공주시 반포면 봉곡리 반포초교길 253
2033,환혼,고석정,(24023)강원도 철원군 동송읍 태봉로 1825
2034,환혼,나주영상테마파크,(58289)전라남도 나주시 공산면 덕음로 450
2035,환혼,성흥산 사랑나무,(33219)충청남도 부여군 임천면 성흥로97번길 167
2040,뷰티 인사이드,동궁과 월지,(38163)경상북도 경주시 원화로 102
2041,뷰티 인사이드,아난티 코브,(46083)부산광역시 기장군 기장읍 기장해안로 268-31
2050,오월의 청춘,제이딘주얼리,(55038)전라북도 전주시 완산구 전라감영4길 19
2062,첫사랑은 처음이라서,전주고속버스터미널,(54933)전라북도 전주시 덕진구 가리내로 70
2095,첫사랑은 처음이라서,전주전동성당,(55044)전라북도 전주시 완산구 태조로 51
2096,첫사랑은 처음이라서,향교길,(55045)전라북도 전주시 완산구 향교길 105
2103,오월의 청춘,남원랜드,(55795)전라북도 남원시 양림길 58-13
2104,오월의 청춘,순천드라마촬영장,(57972)전라남도 순천시 비례골길 24
2127,오월의 청춘,합천 영상 테마파크,(50215)경상남도 합천군 용주면 합천호수로 757
2132,오월의 청춘,부강성당,(30075)세종특별자치시 부강면 부강4길 33
2136,오월의 청춘,대전 삼성동 집,(34613)대전광역시 동구 솔랑5길 36
2137,오월의 청춘,쎄라비음악다방,(41931)대구광역시 중구 국채보상로102길 60
2138,오월의 청춘,가실성당,(39912)경상북도 칠곡군 왜관읍 가실1길 1
2139,미안하다 사랑한다,신성리 갈대밭,(33625)충청남도 서천군 한산면 신성리 125-1
2144,미스터 션샤인,계명대학교 성서캠퍼스,(42601)대구광역시 달서구 달구벌대로 1095
2151,빈센조,김천 한국보건대 (폐교),(39504)경상북도 김천시 어모면 옥율1길 94
2152,빈센조,대구오페라하우스,(41585)대구광역시 북구 호암로 15
2167,미스터 션샤인,고산정,(36603)경상북도 안동시 도산면 가송길 177-42
2168,미스터 션샤인,계명대학교 대명캠퍼스,(42403)대구광역시 남구 명덕로 104
2179,월간 집,황리단길,(38167)경상북도 경주시 태종로 746
2190,친애하는 판사님께,장흥교도소 세트장,(59319)전라남도 장흥군 장흥읍 원도리 191
2191,친애하는 판사님께,대둔산 금강구름다리,전라북도 완주군 운주면 산북리
2200,세상 어디에도 없는 착한남자,추암해수욕장,강원도 동해시 촛대바위길 2
2201,세상 어디에도 없는 착한남자,동피랑 벽화마을,(53052)경상남도 통영시 동피랑1길 6-18
2212,신입사관 구해령,영주소수서원,(36013)경상북도 영주시 순흥면 소백로 2740
2214,신입사관 구해령,광한루원,(55776)전라북도 남원시 요천로 1447
2215,몬스터,담양레이나CC,(57351)전라남도 담양군 담양읍 깊은실길 169
2221,미스터 기간제,선문대학교 아산캠퍼스,(31460)충청남도 아산시 탕정면 선문로221번길 70
2224,미스터 션샤인,황매산,경상남도 산청군 차황면 법평리 산 1
2238,미스터 션샤인,만휴정,(36735)경상북도 안동시 길안면 묵계하리길 42
2243,미남이시네요,공세리성당,(31427)충청남도 아산시 인주면 공세리성당길 10
2260,옥탑방 왕세자,마이산탑사,(55450)전라북도 진안군 마령면 마이산남로 367
2261,옥탑방 왕세자,광한루원,(55776)전라북도 남원시 요천로 1447
2313,황후의 품격,제장마을,(26136)강원도 정선군 신동읍 제장길 1-38
2332,청춘기록,문경새재촬영장 (오픈세트장),(36919)경상북도 문경시 문경읍 새재로 1037
2372,"장옥정, 사랑에 살다",광한루원,(55776)전라북도 남원시 요천로 1447
2403,어느 날 우리 집 현관으로 멸망이 들어왔다,외돌개,(63594)제주특별자치도 서귀포시 서홍동 791
2404,어느 날 우리 집 현관으로 멸망이 들어왔다,바보라면,(63359)제주특별자치도 제주시 구좌읍 해맞이해안로 1016 바보라면
2405,어느 날 우리 집 현관으로 멸망이 들어왔다,한담해안산책로,(63034)제주특별자치도 제주시 애월읍 곽지리 1359
2406,어느 날 우리 집 현관으로 멸망이 들어왔다,말로나스테이,(63024)제주특별자치도 제주시 한림읍 귀덕11길 29
2421,시카고 타자기,합천 영상 테마파크,(50215)경상남도 합천군 용주면 합천호수로 757
2430,장난스런 키스,아프리카박물관,(63544)제주특별자치도 서귀포시 이어도로 49
2431,장난스런 키스,씨에스호텔앤리조트,(63547)제주특별자치도 서귀포시 중문관광로 196
2432,장미빛 연인들,남이섬,(24464)강원도 춘천시 남산면 남이섬길 1
2442,시지프스: the myth,공세리성당,(31427)충청남도 아산시 인주면 공세리성당길 10
2453,저글러스,전주시 완산구 노송동 개인주택,(55011)전라북도 전주시 완산구 인봉1길 37-17
2461,왕이 된 남자,문경새재촬영장 (오픈세트장),(36919)경상북도 문경시 문경읍 새재로 1037
2462,훈남정음,성흥산 사랑나무,(33219)충청남도 부여군 임천면 성흥로97번길 167
2467,훈남정음,제장마을,(26136)강원도 정선군 신동읍 제장길 1-38
2480,왕이 된 남자,황매산,경상남도 산청군 차황면 법평리 산 1
2492,흑기사,부용대,(36757)경상북도 안동시 풍천면 광덕솔밭길 72
2497,왕은 사랑한다,성흥산 사랑나무,(33219)충청남도 부여군 임천면 성흥로97번길 167
2498,왕은 사랑한다,나주영상테마파크,(58289)전라남도 나주시 공산면 덕음로 450
2507,옷소매 붉은 끝동,문헌서원,(33626)충청남도 서천군 기산면 서원로172번길 66
2508,옷소매 붉은 끝동,옥정호 구절초테마공원,(56127)전라북도 정읍시 산내면 매죽리 571
2510,청춘기록,광한루원,(55776)전라북도 남원시 요천로 1447
2519,황후의 품격,백제문화단지,(33115)충청남도 부여군 규암면 백제문로 455
2520,황후의 품격,궁남지,(33165)충청남도 부여군 부여읍 궁남로 52
2521,황후의 품격,왕식이네해물칼국수,(33608)충청남도 서천군 비인면 갯벌체험로 492-25
2524,옷소매 붉은 끝동,광한루원,(55776)전라북도 남원시 요천로 1447
2554,SKY 캐슬,담양레이나CC,(57351)전라남도 담양군 담양읍 깊은실길 169
2556,상속자들,동해 논골담길,(25717)강원도 동해시 논골1길 2
2591,슈츠,익산 교도소 세트장,(54505)전라북도 익산시 성당면 함낭로 207
2638,투제니,서천 마량포구,(33604)충청남도 서천군 서면 마량리 344
2639,투제니,신성리 갈대밭,(33625)충청남도 서천군 한산면 신성리 125-1
2699,"서른, 아홉",스퀘어루트,(24744)강원도 고성군 죽왕면 가향길 2-7
2712,왜 오수재인가,익산 교도소 세트장,(54505)전라북도 익산시 성당면 함낭로 207
2714,힘쎈여자 도봉순,쏠비치 양양,(25042)강원도 양양군 손양면 선사유적로 678
2715,힘쎈여자 도봉순,대포항 등대,강원도 속초시 대포항 등대
2729,힐러,청남대,(28210)충청북도 청주시 상당구 문의면 청남대길 646
2730,힐러,서문교,충청북도 청주시 서원구 사직동
2731,힐러,s459,(28637)충청북도 청주시 서원구 서부로 1436
2732,힐러,운보의 집,(28149)충청북도 청주시 청원구 내수읍 형동2길 92-41
2733,힐러,청주첨단문화산업단지,(28501)충청북도 청주시 청원구 상당로 314 청주첨단문화산업단지
2752,초면에 사랑합니다,유리트리트,(25103)강원도 홍천군 서면 한서로 1468-55
2763,왜 오수재인가,계명대학교 대명캠퍼스,(42403)대구광역시 남구 명덕로 104
2764,왕이 된 남자,성흥산 사랑나무,(33219)충청남도 부여군 임천면 성흥로97번길 167
2765,왜 오수재인가,강남1984,(24376)강원도 춘천시 남춘로36번길 8
2770,저스티스,장흥교도소 세트장,(59319)전라남도 장흥군 장흥읍 원도리 191
2771,전설의 고향,광한루원,(55776)전라북도 남원시 요천로 1447
2776,전설의 마녀,제주국제공항,(63115)제주특별자치도 제주시 공항로 2
2823,전우치,나주영상테마파크,(58289)전라남도 나주시 공산면 덕음로 450
2856,시크릿 가든,롯데호텔 제주,(63535)제주특별자치도 서귀포시 중문관광로72번길 35
2864,하나뿐인 내편,장흥교도소 세트장,(59319)전라남도 장흥군 장흥읍 원도리 191
2874,저글러스,연미스튜디오,(55100)전라북도 전주시 완산구 팔달로 22-2
2876,어바웃타임,춘천대교,(24238)강원도 춘천시 근화동 609
2879,어바웃타임,뮤지엄 산,(26357)강원도 원주시 지정면 오크밸리2길 260
2880,어바웃타임,원주세브란스기독병원,(26426)강원도 원주시 일산로 20
2881,어느날,장흥교도소 세트장,(59319)전라남도 장흥군 장흥읍 원도리 191
2889,시크릿 가든,포레스트 리솜,(27105)충청북도 제천시 백운면 금봉로 365
2902,시크릿 가든,씨에스호텔앤리조트,(63547)제주특별자치도 서귀포시 중문관광로 196
2923,힘쎈여자 도봉순,대둔산 금강구름다리,전라북도 완주군 운주면 산북리
2925,최강 배달꾼,거진해수욕장,(24713)강원도 고성군 거진읍 거진리 22-59
2926,최강 배달꾼,거탄진로209번길,(24712)강원도 고성군 거진읍 거탄진로209번길 5-4
2978,힘쎈여자 도봉순,대둔산 안심사,(55300)전라북도 완주군 운주면 안심길 372
2993,초콜릿,정도리구계등,(59110)전라남도 완도군 완도읍 정도리 152
2994,초콜릿,대천해수욕장,(33489)충청남도 보령시 머드로 123
2997,"서른, 아홉",장흥교도소 세트장,(59319)전라남도 장흥군 장흥읍 원도리 191
3015,초콜릿,계명대학교 성서캠퍼스,(42601)대구광역시 달서구 달구벌대로 1095
3026,초콜릿,인터컨티넨탈 알펜시아 평창 리조트,(25351)강원도 평창군 대관령면 솔봉로 325
3058,유미의 세포들,엄마손막국수,(25464)강원도 강릉시 운정길 40
3059,유미의 세포들,스카이베이호텔 경포,(25460)강원도 강릉시 해안로 476
3060,유미의 세포들,죽림동성당,(24355)강원도 춘천시 약사고개길 23
3079,아는 와이프,낙산 해수욕장,(25009)강원도 양양군 강현면 해맞이길 59
3099,사랑의 불시착,청산수목원,충청남도 태안군 연꽃길 70
3104,쇼핑왕 루이,동백섬,(48100)부산광역시 해운대구 동백로 99
3105,쇼핑왕 루이,보수동 책방 골목,(48967)부산광역시 중구 대청로 67-1
3106,쇼핑왕 루이,광안리해수욕장,(48303)부산광역시 수영구 광안해변로 219
3107,쇼핑왕 루이,천마산에코하우스,(49250)부산광역시 서구 천마산로 342
3109,사랑의 불시착,담양레이나CC,(57351)전라남도 담양군 담양읍 깊은실길 169
3167,신데렐라와 네 명의 기사,사우스케이프오너스클럽,(52455)경상남도 남해군 창선면 흥선로 1545
3173,"선배, 그 립스틱 바르지 마요",쏠비치호텔&리조트 삼척,(25909)강원도 삼척시 수로부인길 453
3205,신데렐라와 네 명의 기사,각원사,(31066)충청남도 천안시 동남구 각원사길 245
3264,우리는 오늘부터,헌화로드라이브코스,강원도 강릉시 강동면 심곡리 헌화로
3265,우리는 오늘부터,죽림동성당,(24355)강원도 춘천시 약사고개길 23
3275,최강 배달꾼,익산 교도소 세트장,(54505)전라북도 익산시 성당면 함낭로 207
3287,신데렐라와 네 명의 기사,대관령 양떼목장,(25342)강원도 평창군 대관령면 대관령마루길 483-32
3317,"하이드 지킬, 나",뮤지엄 산,(26357)강원도 원주시 지정면 오크밸리2길 260
3326,시티홀,운보의 집,(28149)충청북도 청주시 청원구 내수읍 형동2길 92-41
3362,추리의 여왕,대전근현대사전시관,(34863)대전광역시 중구 중앙로 101
3363,추리의 여왕,안도르,(34832)대전광역시 중구 선화로 148
3369,운명과 분노,광안대교,부산광역시 수영구 민락동 광안대교
3370,운명과 분노,부산 해운대구 민가,(48116)부산광역시 해운대구 청사포로58번길 82-17
3371,추노,사성암,(57632)전라남도 구례군 문척면 사성암길 303
3372,추노,광한루원,(55776)전라북도 남원시 요천로 1447
3434,설강화,합천 영상 테마파크,(50215)경상남도 합천군 용주면 합천호수로 757
3435,설강화,계명대학교 성서캠퍼스,(42601)대구광역시 달서구 달구벌대로 1095
3436,설강화,쎄라비음악다방,(41931)대구광역시 중구 국채보상로102길 60
3441,우아한 가,장흥교도소 세트장,(59319)전라남도 장흥군 장흥읍 원도리 191
3458,설강화,선문대학교 천안캠퍼스,(31212)충청남도 천안시 동남구 천안대로 277
3459,설강화,청남대,(28210)충청북도 청주시 상당구 문의면 청남대길 646
3483,아이템,계명대학교 성서캠퍼스,(42601)대구광역시 달서구 달구벌대로 1095
3484,아이템,동피랑 벽화마을,(53052)경상남도 통영시 동피랑1길 6-18
3486,아이템,유리트리트,(25103)강원도 홍천군 서면 한서로 1468-55
3491,이번 생은 처음이라,신전리 방파제,전라남도 고흥군 금산면 신전리
3498,이브,합천 영상 테마파크,(50215)경상남도 합천군 용주면 합천호수로 757
3500,이브,베어트리파크,(30009)세종특별자치시 전동면 신송로 217
3543,운명처럼 널 사랑해,곤리도,(53088)경상남도 통영시 산양읍 곤리리 174-16
3562,원 더 우먼,별마로천문대,(26224)강원도 영월군 영월읍 천문대길 397
3575,빈센조,강촌레일파크,(24464)강원도 춘천시 남산면 서백길 57
3589,원 더 우먼,대전근현대사전시관,(34863)대전광역시 중구 중앙로 101
3599,빈센조,수주팔봉캠핑장,충청북도 충주시 대소원면 문주리 산 1-1
3600,빈센조,선문대학교 천안캠퍼스,(31212)충청남도 천안시 동남구 천안대로 277
3642,"하이바이, 마마!",남이섬,(24464)강원도 춘천시 남산면 남이섬길 1
3651,언더커버,이월드,(42666)대구광역시 달서구 두류공원로 200
3689,계룡선녀전,밀양역,(50445)경상남도 밀양시 중앙로 62
3702,친애하는 판사님께,유리트리트,(25103)강원도 홍천군 서면 한서로 1468-55
3706,D.P.,울산대학교,(44610)울산광역시 남구 대학로 93
3708,계룡선녀전,함양 함화루,경상남도 함양군 함양읍 운림리
3742,경찰수업,한국기술교육대학교 제1캠퍼스,(31253)충청남도 천안시 동남구 병천면 충절로 1600
3753,계룡선녀전,부석사,(36001)경상북도 영주시 부석면 부석사로 345
3754,계룡선녀전,문경새재촬영장 (오픈세트장),(36919)경상북도 문경시 문경읍 새재로 1037
3755,굿캐스팅,이월드,(42666)대구광역시 달서구 두류공원로 200
3761,D.P.,아난티 코브,(46083)부산광역시 기장군 기장읍 기장해안로 268-31
3762,D.P.,광안대교,부산광역시 수영구 민락동 광안대교
3765,빠담빠담…. 그와 그녀의 심장박동소리,동피랑 벽화마을,(53052)경상남도 통영시 동피랑1길 6-18
3777,원 더 우먼,선문대학교 아산캠퍼스,(31460)충청남도 아산시 탕정면 선문로221번길 70
3778,원티드,휘게비엔씨,(25402)강원도 강릉시 주문진읍 신리천로 318-24
3779,월간 집,헌화로드라이브코스,강원도 강릉시 강동면 심곡리 헌화로
3780,월간 집,유리트리트,(25103)강원도 홍천군 서면 한서로 1468-55
3811,사내맞선,스카이베이호텔 경포,(25460)강원도 강릉시 해안로 476
3812,사내맞선,켄싱턴호텔 설악,(24903)강원도 속초시 설악산로 998
3813,사내맞선,오크밸리 리조트,(26357)강원도 원주시 지정면 오크밸리1길 66
3836,밥 잘 사주는 예쁜 누나,낙산 해수욕장,(25009)강원도 양양군 강현면 해맞이길 59
3860,미안하다 사랑한다,씨에스호텔앤리조트,(63547)제주특별자치도 서귀포시 중문관광로 196
3866,밥 잘 사주는 예쁜 누나,속삭이는자작나무숲,(24639)강원도 인제군 인제읍 자작나무숲길 760
3893,바람의 화원,닭실마을,(36241)경상북도 봉화군 봉화읍 충재길 60
3894,바람의 화원,경기전,(55042)전라북도 전주시 완산구 태조로 44
3933,미스티,장흥교도소 세트장,(59319)전라남도 장흥군 장흥읍 원도리 191
3940,미래의 선택,중문관광단지,제주특별자치도 서귀포시 중문동 중문관광단지
3946,계룡선녀전,부소산성,(33137)충청남도 부여군 부여읍 부소로 15
3947,구미호뎐,상족암군립공원,(52963)경상남도 고성군 하이면 덕명리 50-1
3968,군검사 도베르만,헌화로드라이브코스,강원도 강릉시 강동면 심곡리 헌화로
3974,계룡선녀전,신원사,(32619)충청남도 공주시 계룡면 신원사동길 1
3977,고교처세왕,남이섬,(24464)강원도 춘천시 남산면 남이섬길 1
3978,구경이,동피랑 벽화마을,(53052)경상남도 통영시 동피랑1길 6-18
3979,구경이,엑스코(EXCO),(41515)대구광역시 북구 엑스코로 10
3982,겨울연가,외도 보타니아,(53329)경상남도 거제시 일운면 외도길 17
3987,구경이,대전대학교,(34520)대전광역시 동구 대학로 62
3990,구미호뎐,"해금강마을, 거제도",경상남도 거제시 남부면 갈곶리 해금강마을
4001,경우의 수,헌화로드라이브코스,강원도 강릉시 강동면 심곡리 헌화로
4009,공작도시,뮤지엄 산,(26357)강원도 원주시 지정면 오크밸리2길 260
4029,궁,경기전,(55042)전라북도 전주시 완산구 태조로 44
4030,궁,씨에스호텔앤리조트,(63547)제주특별자치도 서귀포시 중문관광로 196
4031,궁,중문관광단지,제주특별자치도 서귀포시 중문동 중문관광단지
4062,겨울연가,추암해수욕장,강원도 동해시 촛대바위길 2
4093,구경이,소금산 출렁다리,(26359)강원도 원주시 지정면 소금산길 12
4098,궁,동궁과 월지,(38163)경상북도 경주시 원화로 102
4105,계룡선녀전,합동직업소개소,(58753)전라남도 목포시 해안로249번길 3
4106,계룡선녀전,목포역,(58730)전라남도 목포시 영산로 98
4109,겨울연가,춘천 기와집골 마을,강원도 춘천시 기와집길31번길 2
4112,겨울연가,남이섬,(24464)강원도 춘천시 남산면 남이섬길 1
4153,군검사 도베르만,익산 교도소 세트장,(54505)전라북도 익산시 성당면 함낭로 207
4160,공항 가는 길,최수아의 집,(63364)제주특별자치도 제주시 구좌읍 종달로7길 5
4161,공항 가는 길,한울랜드,(63151)제주특별자치도 제주시 서해안로 671
4162,공항 가는 길,신창풍차해안 등대,(63002)제주특별자치도 제주시 한경면 신창리 1481-14
4183,경찰수업,블루부코,(34616)대전광역시 동구 동광장로 16
4197,멈추고 싶은 순간: 어바웃 타임,원주세브란스기독병원,(26426)강원도 원주시 일산로 20
4222,경우의 수,달책빵,(63360)제주특별자치도 제주시 구좌읍 대수길 10-12
4226,경우의 수,임진고택,(63362)제주특별자치도 제주시 구좌읍 상도로 16-13
4234,경우의 수,술의 식물원,(63355)제주특별자치도 제주시 구좌읍 중산간동로 2253
4238,경우의 수,책방소리소문,(63005)제주특별자치도 제주시 한경면 저지동길 8-31
4239,경우의 수,서쪽가게,(63011)제주특별자치도 제주시 한림읍 한림로 372-7
4245,경우의 수,소심한책방,(63364)제주특별자치도 제주시 구좌읍 종달동길 29-6
4268,경우의 수,용눈이오름,제주특별자치도 제주시 구좌읍 종달리 산 38
4316,이웃집 꽃미남,동산포해변 야영장,(25053)강원도 양양군 현남면 동산리 90-35
4327,아홉수 소년,에이엠브레드앤커피,(25556)강원도 강릉시 창해로14번길 24
4328,아홉수 소년,동해 논골담길,(25717)강원도 동해시 논골1길 2
4329,아홉수 소년,묵호등대전망대,(25717)강원도 동해시 해맞이길 289
4330,아홉수 소년,대관령 양떼목장,(25342)강원도 평창군 대관령면 대관령마루길 483-32
4332,악마가 너의 이름을 부를 때,춘천대교,(24238)강원도 춘천시 근화동 609
4343,아홉수 소년,정동진해수욕장,(25631)강원도 강릉시 강동면 정동진리 257-2
4354,멜랑꼴리아,국립중앙과학관,(34143)대전광역시 유성구 대덕대로 481
4355,멜랑꼴리아,대전대학교,(34520)대전광역시 동구 대학로 62
4365,멜랑꼴리아,휘닉스제주 섭지코지,(63642)제주특별자치도 서귀포시 성산읍 섭지코지로 107
4366,멜랑꼴리아,제주국제공항,(63115)제주특별자치도 제주시 공항로 2
4389,멜랑꼴리아,아르떼뮤지엄 제주,(63038)제주특별자치도 제주시 애월읍 어림비로 478
4392,멜랑꼴리아,주문초등학교 삼덕분교장,(25402)강원도 강릉시 주문진읍 신리천로 410-8
4395,멜랑꼴리아,휘게비엔씨,(25402)강원도 강릉시 주문진읍 신리천로 318-24
4396,멜랑꼴리아,오크밸리 리조트,(26357)강원도 원주시 지정면 오크밸리1길 66
4408,멜랑꼴리아,교원연수원 도고,(31546)충청남도 아산시 선장면 신성길 27-6
4409,멜랑꼴리아,호서대학교 아산캠퍼스,(31499)충청남도 아산시 배방읍 호서로79번길 20
4422,맨도롱 또똣,제주국제공항,(63115)제주특별자치도 제주시 공항로 2
4430,맨도롱 또똣,봄날,(63043)제주특별자치도 제주시 애월읍 애월로1길 25
4452,맨홀-이상한 나라의 필,등명해변,(25631)강원도 강릉시 강동면 정동진리 440-7
4460,맨투맨,사우스케이프오너스클럽,(52455)경상남도 남해군 창선면 흥선로 1545
4474,맨도롱 또똣,신창풍차해안 등대,(63002)제주특별자치도 제주시 한경면 신창리 1481-14
4489,유미의 세포들,연산역 호남선,(32913)충청남도 논산시 연산면 선비로275번길 31-2
4490,유미의 세포들,제일반점,(33175)충청남도 부여군 초촌면 초촌로6번길 13
4513,사랑의 온도,순천만습지,(58027)전라남도 순천시 순천만길 513-25
4518,아랑사또전,부용대,(36757)경상북도 안동시 풍천면 광덕솔밭길 72
4520,아름다운 그대에게,빅토리아펜션,(32170)충청남도 태안군 고남면 큰장돌길 283-42
4523,사랑의 온도,향일암,(59778)전라남도 여수시 돌산읍 향일암로 60
4531,유미의 세포들 2,제주국제공항,(63115)제주특별자치도 제주시 공항로 2
4540,타임즈,합천 영상 테마파크,(50215)경상남도 합천군 용주면 합천호수로 757
4568,킬힐,오크밸리 리조트,(26357)강원도 원주시 지정면 오크밸리1길 66
4574,"킬미, 힐미",등명해변,(25631)강원도 강릉시 강동면 정동진리 440-7
4611,그 해 우리는,보령 청보리밭,(33402)충청남도 보령시 천북면 하만리 176-6
4612,그 해 우리는,보령 청라 은행마을,(33422)충청남도 보령시 청라면 장밭길 62
4631,그 해 우리는,은행로,(55045)전라북도 전주시 완산구 은행로 75-2
4632,그 해 우리는,매당,(55039)전라북도 전주시 완산구 은행로 20-4
4659,그냥 사랑하는 사이,임권택영화박물관,부산광역시 해운대구 우동 센텀중앙로 55
4667,그 해 우리는,주천강 섶다리,(26202)강원도 영월군 주천면 판운리 479
4741,한 번 다녀왔습니다,태화강 국가정원,울산광역시 중구 태화강국가정원길 154
4760,학교 2017,선문대학교 아산캠퍼스,(31460)충청남도 아산시 탕정면 선문로221번길 70
4782,그래서 나는 안티팬과 결혼했다,백도해변,(24752)강원도 고성군 죽왕면 문암진리 19-22
4900,기름진 멜로,그랜드플라자 청주호텔,(28320)충청북도 청주시 청원구 충청대로 114
4902,기름진 멜로,화인빌딩,(28333)충청북도 청주시 청원구 충청대로 113
4917,스물다섯 스물하나,경주역,(38147)경상북도 경주시 원화로 266
4919,스물다섯 스물하나,김유정역 폐역,(24412)강원도 춘천시 신동면 김유정로 1435
4920,스물다섯 스물하나,춘천대교,(24238)강원도 춘천시 근화동 609
4921,스물다섯 스물하나,동해 논골담길,(25717)강원도 동해시 논골1길 2
4922,스물다섯 스물하나,주문리,(25407)강원도 강릉시 주문진읍 소돌길 42-23
5039,너는 나의 봄,김천 한국보건대 (폐교),(39504)경상북도 김천시 어모면 옥율1길 94
5094,여신강림,KT&G 상상마당 춘천 아트센터,(24239)강원도 춘천시 스포츠타운길399번길 25
5095,여름향기,대한다원보성녹차밭,(59448)전라남도 보성군 보성읍 녹차로 763-43
5101,절대 그이,담양레이나CC,전라남도 담양군 다양 읍 깊은 실길 169
5107,여신강림,설리스카이워크,(52441)경상남도 남해군 미조면 송정리 산352-4
5108,여신강림,쿤스트라운지,(52447)경상남도 남해군 삼동면 독일로 34
5109,여신강림,대전대학교,(34520)대전광역시 동구 대학로 62
5115,제3의 매력,감천문화마을,(49368)부산광역시 사하구 감내2로 203
5130,절대 그이,삼탄아트마인,(26157)강원도 정선군 고한읍 함백산로 1445-44
5166,너를 닮은 사람,도담동 길마당,(30098)세종특별자치시 도담동 686-1
5172,너를 닮은 사람,경덕중학교,(28405)충청북도 청주시 흥덕구 풍년로79번길 7-2
5188,너의 밤이 되어줄게,KT&G 상상마당 춘천 아트센터,(24239)강원도 춘천시 스포츠타운길399번길 25
5197,너와 나의 경찰수업,헌화로드라이브코스,강원도 강릉시 강동면 심곡리 헌화로
5198,너와 나의 경찰수업,오죽헌 경내,(25465)강원도 강릉시 율곡로3139번길 24
5202,너도 인간이니,창원경상대학교병원,(51472)경상남도 창원시 성산구 삼정자로 11 창원경상대학교병원
5203,너도 인간이니,조이스커피숍,(38007)경상북도 경주시 안강읍 안현로 1536
5270,컬러 러쉬,경주세계문화엑스포공원,(38118)경상북도 경주시 경감로 614
5272,쾌걸 춘향,광한루원,(55776)전라북도 남원시 요천로 1447
5273,크레이지 러브,강릉역,(25491)강원도 강릉시 용지로 176
5274,크레이지 러브,오크밸리 리조트,(26357)강원도 원주시 지정면 오크밸리1길 66
5280,싸이코패스 다이어리,익산 교도소 세트장,(54505)전라북도 익산시 성당면 함낭로 207
5289,사내맞선,듀레베이커리 호암점,(27502)충청북도 충주시 중원대로 3250
5330,사내맞선,대구은행 제2본점,(41593)대구광역시 북구 옥산로 111
5332,세상에서 제일 예쁜 내 딸,남이섬,(24464)강원도 춘천시 남산면 남이섬길 1
5333,세상에서 제일 예쁜 내 딸,거례리 사랑나무,(24142)강원도 화천군 하남면 거례리 484-2
5362,란제리 소녀시대,합천 영상 테마파크,(50215)경상남도 합천군 용주면 합천호수로 757
5371,따뜻한 말 한마디,장사도 해상공원 까멜리아,(53094)경상남도 통영시 한산면 장사도길 55
5372,라켓소년단,돔베이커리,(25568)강원도 강릉시 하평길 50
5373,동이,청량사,(36258)경상북도 봉화군 명호면 청량산길 199-152
5380,라켓소년단,사천중학교,(25434)강원도 강릉시 사천면 석교골말길 8
5381,라켓소년단,주문진방파제,(25424)강원도 강릉시 주문진읍 교항리 81-68
5410,런온,동해망상해변한옥촌,(25700)강원도 동해시 동해대로 6370
5425,런온,동해 논골담길,(25717)강원도 동해시 논골1길 2
5427,땐뽀걸즈,바람의언덕,(53334)경상남도 거제시 남부면 갈곶리 산 14-47 도장포마을
5432,땐뽀걸즈,카페위드,(48512)부산광역시 남구 용소로19번길 15
5445,땐뽀걸즈,광안리해수욕장,(48303)부산광역시 수영구 광안해변로 219
5487,"제왕의 딸, 수백향",백제문화단지,(33115)충청남도 부여군 규암면 백제문로 455
5498,여신강림,느랭이골 글램핑캠핑장,(57709)전라남도 광양시 다압면 토끼재길 119-32
5499,제빵왕 김탁구,수암골 벽화마을,(28507)충청북도 청주시 상당구 수암로 58
5518,런온,성산보말죽칼국수 성산점,(63639)제주특별자치도 서귀포시 성산읍 해맞이해안로 2725
5519,런온,조이앤시네마 전주,(54999)전라북도 전주시 완산구 전주객사3길 74-25
5520,런온,진수곱창,(54999)전라북도 전주시 완산구 전주객사1길 88
5521,런온,전주영화의거리,전라북도 전주시 완산구 고사동 전주객사4길
5522,런온,원광대학교,(54538)전라북도 익산시 익산대로 460
5546,드라마의 제왕,헌화로드라이브코스,강원도 강릉시 강동면 심곡리 헌화로
5562,레버리지:사기조작단,대명비발디파크,(25102)강원도 홍천군 서면 한치골길 262
5566,땐뽀걸즈,고현버스터미널,(53251)경상남도 거제시 고현천로 10
5570,런온,세명대학교,충청북도 제천시 신월동 세명로 65
5571,런온,제주국제공항,(63115)제주특별자치도 제주시 공항로 2
5572,런온,해비치호텔앤드리조트,(63629)제주특별자치도 서귀포시 표선면 민속해안로 537
5573,라디오 로맨스,궁남지,(33165)충청남도 부여군 부여읍 궁남로 52
5575,드림,죽성드림세트장,(46078)부산광역시 기장군 기장읍 죽성리 134-7
5599,런온,이가리 닻전망대,경상북도 포항시 북구 청하면 이가리 산 67-3
5600,런온,구룡포공원계단,(37931)경상북도 포항시 남구 구룡포읍 구룡포길 145
5629,스위트홈,강촌레일파크,(24464)강원도 춘천시 남산면 서백길 57
5646,악의 마음을 읽는 자들,직탕폭포,(24023)강원도 철원군 동송읍 장흥리 336-1
5668,악의 마음을 읽는 자들,의림지,(27137)충청북도 제천시 모산동 241
5669,악의 마음을 읽는 자들,익산 교도소 세트장,(54505)전라북도 익산시 성당면 함낭로 207
5676,이판사판,익산 교도소 세트장,(54505)전라북도 익산시 성당면 함낭로 207
5702,스물다섯 스물하나,논산여자상업고등학교,(32988)충청남도 논산시 시민로 197
5703,스물다섯 스물하나,오목대길,(55045)전라북도 전주시 완산구 오목대길 27-26
5704,스물다섯 스물하나,맹꽁이 오락실,(55040)전라북도 전주시 완산구 동문길 6
5705,스물다섯 스물하나,몽펠리에 카페 레스토랑,(55348)전라북도 완주군 소양면 원대흥길 127-21
5739,검법남녀 2,부용대,(36757)경상북도 안동시 풍천면 광덕솔밭길 72
5763,간택 - 여인들의 전쟁,광한루원,(55776)전라북도 남원시 요천로 1447
5779,검법남녀 2,가톨릭관동대학교,(25601)강원도 강릉시 범일로579번길 24
5792,좀비탐정,익산 교도소 세트장,(54505)전라북도 익산시 성당면 함낭로 207
5800,여인의 향기,신창풍차해안 등대,(63002)제주특별자치도 제주시 한경면 신창리 1481-14
5801,여인의 향기,롯데호텔 제주,(63535)제주특별자치도 서귀포시 중문관광로72번길 35
5806,별똥별,비밀의숲,(63355)제주특별자치도 제주시 구좌읍 송당리 2173
5807,별똥별,제주국제공항,(63115)제주특별자치도 제주시 공항로 2
5822,조선로코 녹두전,부용대,(36757)경상북도 안동시 풍천면 광덕솔밭길 72
5823,별똥별,원주세브란스기독병원,(26426)강원도 원주시 일산로 20
5830,조선로코 녹두전,고산정,(36603)경상북도 안동시 도산면 가송길 177-42
5831,조선로코 녹두전,궁남지,(33165)충청남도 부여군 부여읍 궁남로 52
5832,조선로코 녹두전,영주 무섬마을,(36173)경상북도 영주시 문수면 무섬로 238-2
5833,조선로코 녹두전,보리나라 학원농장,(56462)전라북도 고창군 공음면 학원농장길 154
5834,조선로코 녹두전,수선루,(55449)전라북도 진안군 마령면 강정리 산 57
5857,가면,제이딘주얼리,(55038)전라북도 전주시 완산구 전라감영4길 19
5858,가면,메타세쿼이아 가로수길,전라남도 담양군 담양읍 학동리 633
5884,거침없이 하이킥,해비치호텔앤드리조트,(63629)제주특별자치도 서귀포시 표선면 민속해안로 537
5914,가면,죽녹원,(57336)전라남도 담양군 담양읍 죽녹원로 119
5915,가면,담양 관방제림,(57339)전라남도 담양군 담양읍 객사7길 37
5949,으라차차 와이키키,유리트리트,(25103)강원도 홍천군 서면 한서로 1468-55
5961,으라차차 와이키키,마산종합운동장 야구장,(51323)경상남도 창원시 마산회원구 삼호로 63
5982,사생활,배재대학교,(35345)대전광역시 서구 배재로 155-40
5998,아름다웠던 우리에게,하도리1구 복지회관,(32903)충청남도 논산시 노성면 하도1길 110
5999,아름다웠던 우리에게,탑정호수변생태공원,(32916)충청남도 논산시 부적면 충곡리 287-8
6000,아름다웠던 우리에게,논산여자상업고등학교,(32988)충청남도 논산시 시민로 197
6001,아버님 제가 모실게요,주문리,(25407)강원도 강릉시 주문진읍 소돌길 42-23
6002,아버님 제가 모실게요,강릉 소돌항,(25407)강원도 강릉시 주문진읍 주문리 791-23
6027,로봇이 아니야,여차몽돌해수욕장,(53334)경상남도 거제시 남부면 여차길 22
6028,로봇이 아니야,수산자연산횟집,(53332)경상남도 거제시 동부면 거제대로 1080-12
6029,로봇이 아니야,거제수협구조라공판장,(53329)경상남도 거제시 일운면 구조라로 59
6031,로맨스는 별책부록,낙산 해수욕장,(25009)강원도 양양군 강현면 해맞이길 59
6069,레버리지:사기조작단,제주신화월드,(63522)제주특별자치도 서귀포시 안덕면 신화역사로304번길 38
6108,마인,백석대학교,(31065)충청남도 천안시 동남구 백석대학로 1-11
6140,역도요정 김복주,이월드,(42666)대구광역시 달서구 두류공원로 200
6144,역도요정 김복주,헌화로드라이브코스,강원도 강릉시 강동면 심곡리 헌화로
6168,별에서 온 그대,통도환타지아,(50502)경상남도 양산시 하북면 통도7길 68
6179,역도요정 김복주,옥순봉,(27219)충청북도 제천시 수산면 옥순봉로 342
6209,로망스,여좌천,(51695)경상남도 창원시 진해구 여좌동 217
6213,마이 프린세스,베어트리파크,(30009)세종특별자치시 전동면 신송로 217
6228,루갈,김천 한국보건대 (폐교),(39504)경상북도 김천시 어모면 옥율1길 94
6234,마이 시크릿 호텔,포레스트 리솜,(27105)충청북도 제천시 백운면 금봉로 365
6243,마녀식당으로 오세요,시크릿블루베이커리카페,(24756)강원도 고성군 토성면 아야진북길 31-6
6249,마이 걸,롯데호텔 제주,(63535)제주특별자치도 서귀포시 중문관광로72번길 35
6251,로봇이 아니야,성흥산 사랑나무,(33219)충청남도 부여군 임천면 성흥로97번길 167
6260,마우스,장흥교도소 세트장,(59319)전라남도 장흥군 장흥읍 원도리 191
6277,마이 네임,파도리해수욕장,(32124)충청남도 태안군 소원면 파도길 63-12
6282,마인,세이지우드 홍천,(25160)강원도 홍천군 두촌면 광석로 898-160
6292,인간수업,반야사,(33020)충청남도 논산시 가야곡면 삼전길 104
6293,펜트하우스 2,선문대학교 아산캠퍼스,(31460)충청남도 아산시 탕정면 선문로221번길 70
6294,펜트하우스 3,오크밸리 리조트,(26357)강원도 원주시 지정면 오크밸리1길 66
6295,펜트하우스 3,직탕폭포,(24023)강원도 철원군 동송읍 장흥리 336-1
6301,펜트하우스 3,부산역,(48760)부산광역시 동구 중앙대로 206
6334,알고있지만,국립 안동대학교,(36729)경상북도 안동시 경동로 1375
6385,나빌레라,합천 영상 테마파크,(50215)경상남도 합천군 용주면 합천호수로 757
6394,꽃보다 남자,아난티 남해,(52433)경상남도 남해군 남면 남서대로1179번길 40-109
6395,꽃보다 남자,그랜드머큐어앰배서더 창원,(51408)경상남도 창원시 성산구 원이대로 332
6455,날 녹여주오,계명대학교 성서캠퍼스,(42601)대구광역시 달서구 달구벌대로 1095
6464,꽃보다 남자,계명대학교 대명캠퍼스,(42403)대구광역시 남구 명덕로 104
6476,날 녹여주오,계명대학교 대명캠퍼스,(42403)대구광역시 남구 명덕로 104
6521,내게 거짓말을 해봐,베어트리파크,(30009)세종특별자치시 전동면 신송로 217
6596,병원선,창원경상대학교병원,(51472)경상남도 창원시 성산구 삼정자로 11 창원경상대학교병원
6597,병원선,외도 보타니아,(53329)경상남도 거제시 일운면 외도길 17
6609,날씨가 좋으면 찾아가겠어요,예미역,(26142)강원도 정선군 신동읍 함백로 55
6619,나의 해방일지,성환역,(31011)충청남도 천안시 서북구 성환읍 성환1로 237-5
6627,날씨가 좋으면 찾아가겠어요,중앙서점,(26236)강원도 영월군 영월읍 하송안길 112
6628,날씨가 좋으면 찾아가겠어요,도천마을,(26204)강원도 영월군 주천면 도천리 625
6629,날씨가 좋으면 찾아가겠어요,주천강 섶다리,(26202)강원도 영월군 주천면 판운리 479
6645,날씨가 좋으면 찾아가겠어요,제장마을,(26136)강원도 정선군 신동읍 제장길 1-38
6649,내 뒤에 테리우스,어쩌다어달,(25708)강원도 동해시 일출로 309
6650,내 뒤에 테리우스,춘천대교,(24238)강원도 춘천시 근화동 609
6658,날씨가 좋으면 찾아가겠어요,환벽정,충청북도 괴산군 칠성면 사은리
6704,꽃보다 남자,휘닉스제주 섭지코지,(63642)제주특별자치도 서귀포시 성산읍 섭지코지로 107
6705,꽃보다 남자,씨에스호텔앤리조트,(63547)제주특별자치도 서귀포시 중문관광로 196
6711,김비서가 왜 그럴까,해송과바다,(32121)충청남도 태안군 소원면 송의로 827
6712,나빌레라,당진문예의전당,(31774)충청남도 당진시 무수동2길 25-21
6713,나의 나라,반곡지,(38571)경상북도 경산시 남산면 반곡리 246
6714,나의 나라,오봉산 마당바위,경상북도 경주시 서면 천촌리
6739,꽃보다 남자,담양레이나CC,(57351)전라남도 담양군 담양읍 깊은실길 169
6748,날씨가 좋으면 찾아가겠어요,영월군청,(26235)강원도 영월군 영월읍 하송로 64
6750,날씨가 좋으면 찾아가겠어요,도원경로당,(26201)강원도 영월군 무릉도원면 도원안길 19-1
6751,날씨가 좋으면 찾아가겠어요,도원운학로,(26201)강원도 영월군 무릉도원면 도원운학로 255-9
6753,나의 나라,성흥산 사랑나무,(33219)충청남도 부여군 임천면 성흥로97번길 167
6754,나의 나라,나주영상테마파크,(58289)전라남도 나주시 공산면 덕음로 450
6755,나의 나라,궁남지,(33165)충청남도 부여군 부여읍 궁남로 52
6759,나의 나라,영주 무섬마을,(36173)경상북도 영주시 문수면 무섬로 238-2
6767,꽃보다 남자,독립기념관,충청남도 천안시 동남구 목천읍 삼방로 95
6768,나 홀로 그대,알로하서프,(25633)강원도 강릉시 옥계면 헌화로 221-4
6779,남자친구,심곡항,(25632)강원도 강릉시 강동면 심곡리 157-1
6783,나의 아저씨,회동 솔향 캠핑장,강원도 정선군 정선읍 기리왕산로 570-5
6790,나의 해방일지,와이블랙 성환점,(31011)충청남도 천안시 서북구 성환읍 성환1로 237-1
6793,김비서가 왜 그럴까,정다운연탄구이,(31551)충청남도 아산시 도고면 기곡로84번길 26-8
6800,낭만닥터 김사부 2,계명대학교 성서캠퍼스,(42601)대구광역시 달서구 달구벌대로 1095
6824,연애의 발견,남이섬,(24464)강원도 춘천시 남산면 남이섬길 1
6860,연애의 발견,연화도 출렁다리,(53101)경상남도 통영시 욕지면 연화리 산2
6872,보이스2,대전 도시철도 1호선 정부청사역,대전광역시 서구 한밭대로 744
6873,보이스2,국립대전현충원,(34151)대전광역시 유성구 현충원로 251
7378,별에서 온 그대,장사도 해상공원 까멜리아,(53094)경상남도 통영시 한산면 장사도길 55
7713,갯마을 차차차,사방기념공원,(37530)경상북도 포항시 북구 흥해읍 해안로 1801
7714,갯마을 차차차,청하5일장,(37515)경상북도 포항시 북구 청하면 청하로200번길 6
7715,갯마을 차차차,석병1리방파제,(37930)경상북도 포항시 남구 구룡포읍 석병리 745-2
7739,개와 늑대의 시간,스플라스 리솜,(32406)충청남도 예산군 덕산면 온천단지3로 45-7
8140,스카이캐슬,분덕스,(24466)강원도 춘천시 남산면 충효로 94
8141,스카이캐슬,소노펠리체 빌리지 비발디파크,(25101)강원도 홍천군 서면 한치골길 541-123
8177,스물다섯 스물하나,한벽굴,전라북도 전주시 완산구 교동
8283,라이브,중앙 경찰학교,(27495)충청북도 충주시 수안보면 수회리로 138
8566,라이프 온 마스,국립해양박물관,(49111)부산광역시 영도구 해양로301번길 45
8567,라이프 온 마스,양다방,(49038)부산광역시 영도구 대평로 49
8568,라이프 온 마스,낙동강 하구 을숙도,(49435)부산광역시 사하구 낙동남로 1240
8569,또! 오해영,낙산 해수욕장,(25009)강원도 양양군 강현면 해맞이길 59
8585,라이프 온 마스,감천문화마을,(49368)부산광역시 사하구 감내2로 203
8586,라이프 온 마스,아홉산숲,(46050)부산광역시 기장군 철마면 웅천리 520-10
8587,라이프 온 마스,대전 근현대사 전시관,(34863)대전광역시 중구 중앙로 101
8588,라이프 온 마스,양산종합운동장,(50619)경상남도 양산시 양산대로 849
8594,라이프 온 마스,덕하역 구역사,(44984)울산광역시 울주군 청량읍 덕하로 269-5
8618,또! 오해영,신성리 갈대밭,(33625)충청남도 서천군 한산면 신성리 125-1
9313,김비서가 왜 그럴까,앞산공원 전망대,대구광역시 남구 대명동 산227-4
9323,김비서가 왜 그럴까,3.1운동계단,(41931)대구광역시 중구 동산동 881-3
9324,김비서가 왜 그럴까,서문시장,(41926)대구광역시 중구 큰장로26길 45 서문시장
9393,여름 향기,명봉역,(59444)전라남도 보성군 노동면 예재로 384
9571,그 해 우리는,온빛자연휴양림,(33026)충청남도 논산시 벌곡면 황룡재로 480-113
9574,그 해 우리는,전주대학교,(55069)전라북도 전주시 완산구 천잠로 303
9594,그 해 우리는,천북 보리밭,(33402)충청남도 보령시 천북면 하만리 176-6
9704,유미의 세포들,카페 인어,(63024)제주특별자치도 제주시 한림읍 한림해안로 584
